[
{
  "model": "accounts.accountbalance",
  "pk": 21,
  "fields": {
    "account": 9,
    "balance_description": "initial",
    "balance": 387.11,
    "balance_date": "2020-05-13T04:00:00Z"
  }
},
{
  "model": "accounts.accountbalance",
  "pk": 22,
  "fields": {
    "account": 10,
    "balance_description": "initial",
    "balance": 4810.369999999998,
    "balance_date": "2020-05-13T04:00:00Z"
  }
},
{
  "model": "accounts.accountbalance",
  "pk": 23,
  "fields": {
    "account": 11,
    "balance_description": "initial",
    "balance": 422.4,
    "balance_date": "2020-05-13T04:00:00Z"
  }
},
{
  "model": "accounts.accountbalance",
  "pk": 24,
  "fields": {
    "account": 12,
    "balance_description": "initial",
    "balance": 3417.87,
    "balance_date": "2020-05-13T04:00:00Z"
  }
},
{
  "model": "accounts.accountbalance",
  "pk": 25,
  "fields": {
    "account": 13,
    "balance_description": "initial",
    "balance": 9969.66,
    "balance_date": "2020-05-13T04:00:00Z"
  }
},
{
  "model": "accounts.accountbalance",
  "pk": 26,
  "fields": {
    "account": 14,
    "balance_description": "initial",
    "balance": 3494.95,
    "balance_date": "2020-05-13T04:00:00Z"
  }
},
{
  "model": "accounts.accountbalance",
  "pk": 27,
  "fields": {
    "account": 13,
    "balance_description": "Scotiabank Mortgage",
    "balance": 9969.66,
    "balance_date": "2020-05-14T04:00:00Z"
  }
},
{
  "model": "accounts.accountbalance",
  "pk": 28,
  "fields": {
    "account": 9,
    "balance_description": "Account Transfer from Westjet To RBC Chequing",
    "balance": 387.11,
    "balance_date": "2020-05-14T04:00:00Z"
  }
},
{
  "model": "accounts.accountbalance",
  "pk": 34,
  "fields": {
    "account": 9,
    "balance_description": "Steam Entertainment - Youtube - Disney+ - PS4",
    "balance": 387.11,
    "balance_date": "2020-05-15T04:00:00Z"
  }
},
{
  "model": "accounts.accountbalance",
  "pk": 36,
  "fields": {
    "account": 9,
    "balance_description": "Steam Entertainment - Youtube - Disney+ - PS4",
    "balance": 387.11,
    "balance_date": "2020-05-16T04:00:00Z"
  }
},
{
  "model": "accounts.accountbalance",
  "pk": 38,
  "fields": {
    "account": 13,
    "balance_description": "Account Transfer from Scotiabank Ultimate Package To RBC Chequing",
    "balance": 9969.66,
    "balance_date": "2020-05-18T04:00:00Z"
  }
},
{
  "model": "accounts.accountbalance",
  "pk": 39,
  "fields": {
    "account": 10,
    "balance_description": "Account Transfer from Scotiabank Ultimate Package To RBC Chequing",
    "balance": 5336.35,
    "balance_date": "2020-05-19T04:00:00Z"
  }
},
{
  "model": "accounts.accountbalance",
  "pk": 41,
  "fields": {
    "account": 10,
    "balance_description": "Costco Groceries",
    "balance": 5260.160000000001,
    "balance_date": "2020-05-20T04:00:00Z"
  }
},
{
  "model": "accounts.accountbalance",
  "pk": 47,
  "fields": {
    "account": 9,
    "balance_description": "Account Transfer from Westjet To RBC Chequing",
    "balance": 387.11,
    "balance_date": "2020-05-20T04:00:00Z"
  }
},
{
  "model": "accounts.accountbalance",
  "pk": 48,
  "fields": {
    "account": 10,
    "balance_description": "Account Transfer from Westjet To RBC Chequing",
    "balance": 5335.35,
    "balance_date": "2020-05-20T04:00:00Z"
  }
},
{
  "model": "accounts.accountbalance",
  "pk": 59,
  "fields": {
    "account": 35,
    "balance_description": "initial",
    "balance": 9566.0,
    "balance_date": "2020-05-21T04:00:00Z"
  }
},
{
  "model": "accounts.accountbalance",
  "pk": 60,
  "fields": {
    "account": 36,
    "balance_description": "initial",
    "balance": 7985.94,
    "balance_date": "2020-05-21T04:00:00Z"
  }
},
{
  "model": "accounts.accountbalance",
  "pk": 61,
  "fields": {
    "account": 37,
    "balance_description": "initial",
    "balance": 422.4,
    "balance_date": "2020-05-21T04:00:00Z"
  }
},
{
  "model": "accounts.accountbalance",
  "pk": 62,
  "fields": {
    "account": 38,
    "balance_description": "initial",
    "balance": -388.11,
    "balance_date": "2020-05-21T04:00:00Z"
  }
},
{
  "model": "accounts.accountbalance",
  "pk": 63,
  "fields": {
    "account": 39,
    "balance_description": "initial",
    "balance": 4139.12,
    "balance_date": "2020-05-21T04:00:00Z"
  }
},
{
  "model": "accounts.accountbalance",
  "pk": 64,
  "fields": {
    "account": 40,
    "balance_description": "initial",
    "balance": 9969.66,
    "balance_date": "2020-05-21T04:00:00Z"
  }
},
{
  "model": "accounts.accountbalance",
  "pk": 65,
  "fields": {
    "account": 41,
    "balance_description": "initial",
    "balance": 3357.87,
    "balance_date": "2020-05-21T04:00:00Z"
  }
},
{
  "model": "accounts.accountbalance",
  "pk": 72,
  "fields": {
    "account": 47,
    "balance_description": "initial",
    "balance": 500.0,
    "balance_date": "2020-05-23T04:00:00Z"
  }
},
{
  "model": "accounts.accountbalance",
  "pk": 90,
  "fields": {
    "account": 65,
    "balance_description": "initial",
    "balance": 5000.0,
    "balance_date": "2020-05-23T04:00:00Z"
  }
},
{
  "model": "accounts.accountbalance",
  "pk": 91,
  "fields": {
    "account": 66,
    "balance_description": "initial",
    "balance": 5261.16,
    "balance_date": "2020-05-20T04:00:00Z"
  }
},
{
  "model": "accounts.accountbalance",
  "pk": 92,
  "fields": {
    "account": 67,
    "balance_description": "initial",
    "balance": 422.4,
    "balance_date": "2020-05-20T04:00:00Z"
  }
},
{
  "model": "accounts.accountbalance",
  "pk": 93,
  "fields": {
    "account": 68,
    "balance_description": "initial",
    "balance": -629.53,
    "balance_date": "2020-05-23T04:00:00Z"
  }
},
{
  "model": "accounts.accountbalance",
  "pk": 94,
  "fields": {
    "account": 69,
    "balance_description": "initial",
    "balance": 9969.66,
    "balance_date": "2020-05-21T04:00:00Z"
  }
},
{
  "model": "accounts.accountbalance",
  "pk": 95,
  "fields": {
    "account": 70,
    "balance_description": "initial",
    "balance": 4139.12,
    "balance_date": "2020-05-23T04:00:00Z"
  }
},
{
  "model": "accounts.accountbalance",
  "pk": 96,
  "fields": {
    "account": 71,
    "balance_description": "initial",
    "balance": 3357.87,
    "balance_date": "2020-05-23T04:00:00Z"
  }
},
{
  "model": "accounts.accountbalance",
  "pk": 97,
  "fields": {
    "account": 66,
    "balance_description": "RBC Income",
    "balance": 7885.9400000000005,
    "balance_date": "2020-05-21T04:00:00Z"
  }
},
{
  "model": "accounts.accountbalance",
  "pk": 98,
  "fields": {
    "account": 69,
    "balance_description": "HDSB Income",
    "balance": 11542.13,
    "balance_date": "2020-05-22T04:00:00Z"
  }
},
{
  "model": "contenttypes.contenttype",
  "pk": 1,
  "fields": {
    "app_label": "transfers",
    "model": "transfer"
  }
},
{
  "model": "contenttypes.contenttype",
  "pk": 2,
  "fields": {
    "app_label": "transactions",
    "model": "transaction"
  }
},
{
  "model": "contenttypes.contenttype",
  "pk": 3,
  "fields": {
    "app_label": "accounts",
    "model": "account"
  }
},
{
  "model": "contenttypes.contenttype",
  "pk": 4,
  "fields": {
    "app_label": "accounts",
    "model": "accountbalance"
  }
},
{
  "model": "contenttypes.contenttype",
  "pk": 5,
  "fields": {
    "app_label": "categories",
    "model": "category"
  }
},
{
  "model": "contenttypes.contenttype",
  "pk": 6,
  "fields": {
    "app_label": "budgettracker",
    "model": "budgettracker"
  }
},
{
  "model": "contenttypes.contenttype",
  "pk": 7,
  "fields": {
    "app_label": "admin",
    "model": "logentry"
  }
},
{
  "model": "contenttypes.contenttype",
  "pk": 8,
  "fields": {
    "app_label": "auth",
    "model": "permission"
  }
},
{
  "model": "contenttypes.contenttype",
  "pk": 9,
  "fields": {
    "app_label": "auth",
    "model": "group"
  }
},
{
  "model": "contenttypes.contenttype",
  "pk": 10,
  "fields": {
    "app_label": "auth",
    "model": "user"
  }
},
{
  "model": "contenttypes.contenttype",
  "pk": 11,
  "fields": {
    "app_label": "contenttypes",
    "model": "contenttype"
  }
},
{
  "model": "contenttypes.contenttype",
  "pk": 12,
  "fields": {
    "app_label": "sessions",
    "model": "session"
  }
},
{
  "model": "contenttypes.contenttype",
  "pk": 13,
  "fields": {
    "app_label": "budgettracker",
    "model": "budgetleft"
  }
},
{
  "model": "sessions.session",
  "pk": "1i6m55bqwan3zgaj7u5xdwzlwrk1iw3e",
  "fields": {
    "session_data": "YTMxM2FkYzM0NTA3NzJiOGUwMzc1NTMwMzY4M2FhODNkYmQ3NDVmMjp7Il9hdXRoX3VzZXJfaWQiOiIzMSIsIl9hdXRoX3VzZXJfYmFja2VuZCI6ImRqYW5nby5jb250cmliLmF1dGguYmFja2VuZHMuTW9kZWxCYWNrZW5kIiwiX2F1dGhfdXNlcl9oYXNoIjoiNTQzMWZmNzczN2FlOWYwMmQwNmRmODJmMTA4NTVmOGRmYTBiMTE5MyJ9",
    "expire_date": "2020-05-21T17:08:25.051Z"
  }
},
{
  "model": "sessions.session",
  "pk": "1yplt6pq0asx1wohm3bt0kfr6aoyw199",
  "fields": {
    "session_data": "MTM3NjdhM2RhMzA5ZDcyMzJhMGJlZTllMjhhOWU3NzllYWJkNGUyYTp7Il9hdXRoX3VzZXJfaWQiOiIzNSIsIl9hdXRoX3VzZXJfYmFja2VuZCI6ImRqYW5nby5jb250cmliLmF1dGguYmFja2VuZHMuTW9kZWxCYWNrZW5kIiwiX2F1dGhfdXNlcl9oYXNoIjoiNzQ3MGNlMWY5OWRlYTZlMjE5OWQyYzQ0MDI3MzkyNjk3YjU0YTczNCJ9",
    "expire_date": "2020-05-23T13:54:58.923Z"
  }
},
{
  "model": "sessions.session",
  "pk": "27i4fk8fffvpsm0r3jvc6mj7k1um90xg",
  "fields": {
    "session_data": "MDEzYTg1NmQxZWRlYmRhMWNhNzk1ZWM1YWNhNDE3MDNlYmFiZTgyZTp7Il9hdXRoX3VzZXJfaWQiOiIzNiIsIl9hdXRoX3VzZXJfYmFja2VuZCI6ImRqYW5nby5jb250cmliLmF1dGguYmFja2VuZHMuTW9kZWxCYWNrZW5kIiwiX2F1dGhfdXNlcl9oYXNoIjoiNjc0Yzc3MGZiMDk1Yzg4ZmNkM2M0M2MzNjUzN2VhNWY2ODg0ODk3MiJ9",
    "expire_date": "2020-05-24T01:56:57.893Z"
  }
},
{
  "model": "sessions.session",
  "pk": "2x9azsetlzoyn7pxqbzxwxvph0h4rh8v",
  "fields": {
    "session_data": "MTM3NjdhM2RhMzA5ZDcyMzJhMGJlZTllMjhhOWU3NzllYWJkNGUyYTp7Il9hdXRoX3VzZXJfaWQiOiIzNSIsIl9hdXRoX3VzZXJfYmFja2VuZCI6ImRqYW5nby5jb250cmliLmF1dGguYmFja2VuZHMuTW9kZWxCYWNrZW5kIiwiX2F1dGhfdXNlcl9oYXNoIjoiNzQ3MGNlMWY5OWRlYTZlMjE5OWQyYzQ0MDI3MzkyNjk3YjU0YTczNCJ9",
    "expire_date": "2020-05-23T12:18:30.053Z"
  }
},
{
  "model": "sessions.session",
  "pk": "3159jx0e57x4fwkkgtkgp7xpnfip4j9l",
  "fields": {
    "session_data": "YTMxM2FkYzM0NTA3NzJiOGUwMzc1NTMwMzY4M2FhODNkYmQ3NDVmMjp7Il9hdXRoX3VzZXJfaWQiOiIzMSIsIl9hdXRoX3VzZXJfYmFja2VuZCI6ImRqYW5nby5jb250cmliLmF1dGguYmFja2VuZHMuTW9kZWxCYWNrZW5kIiwiX2F1dGhfdXNlcl9oYXNoIjoiNTQzMWZmNzczN2FlOWYwMmQwNmRmODJmMTA4NTVmOGRmYTBiMTE5MyJ9",
    "expire_date": "2020-05-21T14:37:32.740Z"
  }
},
{
  "model": "sessions.session",
  "pk": "31rqefjdemx3wrmhft7m39im6tjf96bi",
  "fields": {
    "session_data": "NTAzNDUyMzU2NmUzNDk4YjBmNjE0M2U1ZjQ4NGM2YTQ4ZTA1MWQ0OTp7Il9hdXRoX3VzZXJfaWQiOiIzNCIsIl9hdXRoX3VzZXJfYmFja2VuZCI6ImRqYW5nby5jb250cmliLmF1dGguYmFja2VuZHMuTW9kZWxCYWNrZW5kIiwiX2F1dGhfdXNlcl9oYXNoIjoiNDk3ZjhiYjFlOGM4ZTU1YWI2YjRkYWIwYjU5NmUwNzhjM2JjNjRmZSJ9",
    "expire_date": "2020-05-22T14:45:20.325Z"
  }
},
{
  "model": "sessions.session",
  "pk": "379uke0itfjvq6vv9923appxcw26flce",
  "fields": {
    "session_data": "YTMxM2FkYzM0NTA3NzJiOGUwMzc1NTMwMzY4M2FhODNkYmQ3NDVmMjp7Il9hdXRoX3VzZXJfaWQiOiIzMSIsIl9hdXRoX3VzZXJfYmFja2VuZCI6ImRqYW5nby5jb250cmliLmF1dGguYmFja2VuZHMuTW9kZWxCYWNrZW5kIiwiX2F1dGhfdXNlcl9oYXNoIjoiNTQzMWZmNzczN2FlOWYwMmQwNmRmODJmMTA4NTVmOGRmYTBiMTE5MyJ9",
    "expire_date": "2020-05-21T19:44:02.713Z"
  }
},
{
  "model": "sessions.session",
  "pk": "49z7o5o33zb3n5we1l0yyi2m3ms4lrro",
  "fields": {
    "session_data": "YzJlZDZkNzgyNDQ1N2EwNjQwYTNlOTZmZTdjMjgwZjllNjk5ZGYyOTp7Il9hdXRoX3VzZXJfaWQiOiIxIiwiX2F1dGhfdXNlcl9iYWNrZW5kIjoiZGphbmdvLmNvbnRyaWIuYXV0aC5iYWNrZW5kcy5Nb2RlbEJhY2tlbmQiLCJfYXV0aF91c2VyX2hhc2giOiI2N2Y3YjZiYTMyODM3ZWQ1YjdjMzJiYTk0MDcxNjNiODg3ZDYyM2I3In0=",
    "expire_date": "2020-05-23T13:56:15.236Z"
  }
},
{
  "model": "sessions.session",
  "pk": "4aaalhhm4j2kcayvyi59cvs0xy4c39b3",
  "fields": {
    "session_data": "NTAzNDUyMzU2NmUzNDk4YjBmNjE0M2U1ZjQ4NGM2YTQ4ZTA1MWQ0OTp7Il9hdXRoX3VzZXJfaWQiOiIzNCIsIl9hdXRoX3VzZXJfYmFja2VuZCI6ImRqYW5nby5jb250cmliLmF1dGguYmFja2VuZHMuTW9kZWxCYWNrZW5kIiwiX2F1dGhfdXNlcl9oYXNoIjoiNDk3ZjhiYjFlOGM4ZTU1YWI2YjRkYWIwYjU5NmUwNzhjM2JjNjRmZSJ9",
    "expire_date": "2020-05-22T02:51:41.111Z"
  }
},
{
  "model": "sessions.session",
  "pk": "4bh4g5m8pav2qegtftzod5fmpvadwny1",
  "fields": {
    "session_data": "NTAzNDUyMzU2NmUzNDk4YjBmNjE0M2U1ZjQ4NGM2YTQ4ZTA1MWQ0OTp7Il9hdXRoX3VzZXJfaWQiOiIzNCIsIl9hdXRoX3VzZXJfYmFja2VuZCI6ImRqYW5nby5jb250cmliLmF1dGguYmFja2VuZHMuTW9kZWxCYWNrZW5kIiwiX2F1dGhfdXNlcl9oYXNoIjoiNDk3ZjhiYjFlOGM4ZTU1YWI2YjRkYWIwYjU5NmUwNzhjM2JjNjRmZSJ9",
    "expire_date": "2020-05-22T03:05:32.054Z"
  }
},
{
  "model": "sessions.session",
  "pk": "4p1h7dn8hifidnrvj2ayf1tmlumcy4kd",
  "fields": {
    "session_data": "YTMxM2FkYzM0NTA3NzJiOGUwMzc1NTMwMzY4M2FhODNkYmQ3NDVmMjp7Il9hdXRoX3VzZXJfaWQiOiIzMSIsIl9hdXRoX3VzZXJfYmFja2VuZCI6ImRqYW5nby5jb250cmliLmF1dGguYmFja2VuZHMuTW9kZWxCYWNrZW5kIiwiX2F1dGhfdXNlcl9oYXNoIjoiNTQzMWZmNzczN2FlOWYwMmQwNmRmODJmMTA4NTVmOGRmYTBiMTE5MyJ9",
    "expire_date": "2020-05-21T14:45:54.164Z"
  }
},
{
  "model": "sessions.session",
  "pk": "57xbbk0uasweme2db4yefq7147mnatd4",
  "fields": {
    "session_data": "YzJlZDZkNzgyNDQ1N2EwNjQwYTNlOTZmZTdjMjgwZjllNjk5ZGYyOTp7Il9hdXRoX3VzZXJfaWQiOiIxIiwiX2F1dGhfdXNlcl9iYWNrZW5kIjoiZGphbmdvLmNvbnRyaWIuYXV0aC5iYWNrZW5kcy5Nb2RlbEJhY2tlbmQiLCJfYXV0aF91c2VyX2hhc2giOiI2N2Y3YjZiYTMyODM3ZWQ1YjdjMzJiYTk0MDcxNjNiODg3ZDYyM2I3In0=",
    "expire_date": "2020-05-23T06:21:45.640Z"
  }
},
{
  "model": "sessions.session",
  "pk": "5gkx9s920bqq88rzzavfezhaufutnigi",
  "fields": {
    "session_data": "NTAzNDUyMzU2NmUzNDk4YjBmNjE0M2U1ZjQ4NGM2YTQ4ZTA1MWQ0OTp7Il9hdXRoX3VzZXJfaWQiOiIzNCIsIl9hdXRoX3VzZXJfYmFja2VuZCI6ImRqYW5nby5jb250cmliLmF1dGguYmFja2VuZHMuTW9kZWxCYWNrZW5kIiwiX2F1dGhfdXNlcl9oYXNoIjoiNDk3ZjhiYjFlOGM4ZTU1YWI2YjRkYWIwYjU5NmUwNzhjM2JjNjRmZSJ9",
    "expire_date": "2020-05-23T03:06:22.762Z"
  }
},
{
  "model": "sessions.session",
  "pk": "5up6tk0m0s7mhlcav6edhgxy26ou6y37",
  "fields": {
    "session_data": "MDEzYTg1NmQxZWRlYmRhMWNhNzk1ZWM1YWNhNDE3MDNlYmFiZTgyZTp7Il9hdXRoX3VzZXJfaWQiOiIzNiIsIl9hdXRoX3VzZXJfYmFja2VuZCI6ImRqYW5nby5jb250cmliLmF1dGguYmFja2VuZHMuTW9kZWxCYWNrZW5kIiwiX2F1dGhfdXNlcl9oYXNoIjoiNjc0Yzc3MGZiMDk1Yzg4ZmNkM2M0M2MzNjUzN2VhNWY2ODg0ODk3MiJ9",
    "expire_date": "2020-05-24T01:46:43.676Z"
  }
},
{
  "model": "sessions.session",
  "pk": "5vqr24g833krk2iy2cgaghlc9pk2t13e",
  "fields": {
    "session_data": "YTMxM2FkYzM0NTA3NzJiOGUwMzc1NTMwMzY4M2FhODNkYmQ3NDVmMjp7Il9hdXRoX3VzZXJfaWQiOiIzMSIsIl9hdXRoX3VzZXJfYmFja2VuZCI6ImRqYW5nby5jb250cmliLmF1dGguYmFja2VuZHMuTW9kZWxCYWNrZW5kIiwiX2F1dGhfdXNlcl9oYXNoIjoiNTQzMWZmNzczN2FlOWYwMmQwNmRmODJmMTA4NTVmOGRmYTBiMTE5MyJ9",
    "expire_date": "2020-05-21T19:57:16.373Z"
  }
},
{
  "model": "sessions.session",
  "pk": "6c60273r3f0toqoychju9vds02mgkhbo",
  "fields": {
    "session_data": "YzJlZDZkNzgyNDQ1N2EwNjQwYTNlOTZmZTdjMjgwZjllNjk5ZGYyOTp7Il9hdXRoX3VzZXJfaWQiOiIxIiwiX2F1dGhfdXNlcl9iYWNrZW5kIjoiZGphbmdvLmNvbnRyaWIuYXV0aC5iYWNrZW5kcy5Nb2RlbEJhY2tlbmQiLCJfYXV0aF91c2VyX2hhc2giOiI2N2Y3YjZiYTMyODM3ZWQ1YjdjMzJiYTk0MDcxNjNiODg3ZDYyM2I3In0=",
    "expire_date": "2020-05-21T15:20:12.585Z"
  }
},
{
  "model": "sessions.session",
  "pk": "6mctt9hvnkm80hjz1fype0vnejo49xdu",
  "fields": {
    "session_data": "YzJlZDZkNzgyNDQ1N2EwNjQwYTNlOTZmZTdjMjgwZjllNjk5ZGYyOTp7Il9hdXRoX3VzZXJfaWQiOiIxIiwiX2F1dGhfdXNlcl9iYWNrZW5kIjoiZGphbmdvLmNvbnRyaWIuYXV0aC5iYWNrZW5kcy5Nb2RlbEJhY2tlbmQiLCJfYXV0aF91c2VyX2hhc2giOiI2N2Y3YjZiYTMyODM3ZWQ1YjdjMzJiYTk0MDcxNjNiODg3ZDYyM2I3In0=",
    "expire_date": "2020-05-23T06:01:12.631Z"
  }
},
{
  "model": "sessions.session",
  "pk": "6ofn84huq52q99t88aahrl2f05r5pmiu",
  "fields": {
    "session_data": "YzJlZDZkNzgyNDQ1N2EwNjQwYTNlOTZmZTdjMjgwZjllNjk5ZGYyOTp7Il9hdXRoX3VzZXJfaWQiOiIxIiwiX2F1dGhfdXNlcl9iYWNrZW5kIjoiZGphbmdvLmNvbnRyaWIuYXV0aC5iYWNrZW5kcy5Nb2RlbEJhY2tlbmQiLCJfYXV0aF91c2VyX2hhc2giOiI2N2Y3YjZiYTMyODM3ZWQ1YjdjMzJiYTk0MDcxNjNiODg3ZDYyM2I3In0=",
    "expire_date": "2020-05-22T02:45:32.569Z"
  }
},
{
  "model": "sessions.session",
  "pk": "6r0k93xldw4yefe8lx49c2csnsf5gisa",
  "fields": {
    "session_data": "YzJlZDZkNzgyNDQ1N2EwNjQwYTNlOTZmZTdjMjgwZjllNjk5ZGYyOTp7Il9hdXRoX3VzZXJfaWQiOiIxIiwiX2F1dGhfdXNlcl9iYWNrZW5kIjoiZGphbmdvLmNvbnRyaWIuYXV0aC5iYWNrZW5kcy5Nb2RlbEJhY2tlbmQiLCJfYXV0aF91c2VyX2hhc2giOiI2N2Y3YjZiYTMyODM3ZWQ1YjdjMzJiYTk0MDcxNjNiODg3ZDYyM2I3In0=",
    "expire_date": "2020-05-23T15:00:44.738Z"
  }
},
{
  "model": "sessions.session",
  "pk": "7y0hqu5p8jg75ib0vgnysei8to62gac2",
  "fields": {
    "session_data": "YTMxM2FkYzM0NTA3NzJiOGUwMzc1NTMwMzY4M2FhODNkYmQ3NDVmMjp7Il9hdXRoX3VzZXJfaWQiOiIzMSIsIl9hdXRoX3VzZXJfYmFja2VuZCI6ImRqYW5nby5jb250cmliLmF1dGguYmFja2VuZHMuTW9kZWxCYWNrZW5kIiwiX2F1dGhfdXNlcl9oYXNoIjoiNTQzMWZmNzczN2FlOWYwMmQwNmRmODJmMTA4NTVmOGRmYTBiMTE5MyJ9",
    "expire_date": "2020-05-21T14:55:33.750Z"
  }
},
{
  "model": "sessions.session",
  "pk": "833yeccxcgfkz3w3uyontauw3h9p0iwm",
  "fields": {
    "session_data": "YTMxM2FkYzM0NTA3NzJiOGUwMzc1NTMwMzY4M2FhODNkYmQ3NDVmMjp7Il9hdXRoX3VzZXJfaWQiOiIzMSIsIl9hdXRoX3VzZXJfYmFja2VuZCI6ImRqYW5nby5jb250cmliLmF1dGguYmFja2VuZHMuTW9kZWxCYWNrZW5kIiwiX2F1dGhfdXNlcl9oYXNoIjoiNTQzMWZmNzczN2FlOWYwMmQwNmRmODJmMTA4NTVmOGRmYTBiMTE5MyJ9",
    "expire_date": "2020-05-21T15:35:52.053Z"
  }
},
{
  "model": "sessions.session",
  "pk": "8fksz1nxd5zznnka2ur0dw4hnaroc8eg",
  "fields": {
    "session_data": "NTAzNDUyMzU2NmUzNDk4YjBmNjE0M2U1ZjQ4NGM2YTQ4ZTA1MWQ0OTp7Il9hdXRoX3VzZXJfaWQiOiIzNCIsIl9hdXRoX3VzZXJfYmFja2VuZCI6ImRqYW5nby5jb250cmliLmF1dGguYmFja2VuZHMuTW9kZWxCYWNrZW5kIiwiX2F1dGhfdXNlcl9oYXNoIjoiNDk3ZjhiYjFlOGM4ZTU1YWI2YjRkYWIwYjU5NmUwNzhjM2JjNjRmZSJ9",
    "expire_date": "2020-05-22T19:20:27.522Z"
  }
},
{
  "model": "sessions.session",
  "pk": "8g48i5ok2v4ghpzrne9h5s9upxnh11yp",
  "fields": {
    "session_data": "YzJlZDZkNzgyNDQ1N2EwNjQwYTNlOTZmZTdjMjgwZjllNjk5ZGYyOTp7Il9hdXRoX3VzZXJfaWQiOiIxIiwiX2F1dGhfdXNlcl9iYWNrZW5kIjoiZGphbmdvLmNvbnRyaWIuYXV0aC5iYWNrZW5kcy5Nb2RlbEJhY2tlbmQiLCJfYXV0aF91c2VyX2hhc2giOiI2N2Y3YjZiYTMyODM3ZWQ1YjdjMzJiYTk0MDcxNjNiODg3ZDYyM2I3In0=",
    "expire_date": "2020-05-23T14:40:12.265Z"
  }
},
{
  "model": "sessions.session",
  "pk": "8r6ekvgl06hmdn4yr882pep48332qany",
  "fields": {
    "session_data": "MDEzYTg1NmQxZWRlYmRhMWNhNzk1ZWM1YWNhNDE3MDNlYmFiZTgyZTp7Il9hdXRoX3VzZXJfaWQiOiIzNiIsIl9hdXRoX3VzZXJfYmFja2VuZCI6ImRqYW5nby5jb250cmliLmF1dGguYmFja2VuZHMuTW9kZWxCYWNrZW5kIiwiX2F1dGhfdXNlcl9oYXNoIjoiNjc0Yzc3MGZiMDk1Yzg4ZmNkM2M0M2MzNjUzN2VhNWY2ODg0ODk3MiJ9",
    "expire_date": "2020-05-24T01:26:18.669Z"
  }
},
{
  "model": "sessions.session",
  "pk": "9a0btk5rr8o93gf4qsrkorbz51ykgk4n",
  "fields": {
    "session_data": "MjE2M2MxMTVhMDEwNDdhMDNjZTY3YzllZGY1NTVjZjM2Y2MxNmY3Njp7Il9hdXRoX3VzZXJfaWQiOiIzMyIsIl9hdXRoX3VzZXJfYmFja2VuZCI6ImRqYW5nby5jb250cmliLmF1dGguYmFja2VuZHMuTW9kZWxCYWNrZW5kIiwiX2F1dGhfdXNlcl9oYXNoIjoiYWUwY2Q4N2Q2ZTlkNjBlMWI0YjJlYjRkYmZiYWY5MGE3MmIyM2UyZSJ9",
    "expire_date": "2020-05-22T02:16:24.631Z"
  }
},
{
  "model": "sessions.session",
  "pk": "a7tturcpl4wj4r60g1zwxykznroybpln",
  "fields": {
    "session_data": "NTAzNDUyMzU2NmUzNDk4YjBmNjE0M2U1ZjQ4NGM2YTQ4ZTA1MWQ0OTp7Il9hdXRoX3VzZXJfaWQiOiIzNCIsIl9hdXRoX3VzZXJfYmFja2VuZCI6ImRqYW5nby5jb250cmliLmF1dGguYmFja2VuZHMuTW9kZWxCYWNrZW5kIiwiX2F1dGhfdXNlcl9oYXNoIjoiNDk3ZjhiYjFlOGM4ZTU1YWI2YjRkYWIwYjU5NmUwNzhjM2JjNjRmZSJ9",
    "expire_date": "2020-05-22T19:52:26.342Z"
  }
},
{
  "model": "sessions.session",
  "pk": "apc51v4mfhl8yjpc7xijdfwoaq8vr7p2",
  "fields": {
    "session_data": "YTMxM2FkYzM0NTA3NzJiOGUwMzc1NTMwMzY4M2FhODNkYmQ3NDVmMjp7Il9hdXRoX3VzZXJfaWQiOiIzMSIsIl9hdXRoX3VzZXJfYmFja2VuZCI6ImRqYW5nby5jb250cmliLmF1dGguYmFja2VuZHMuTW9kZWxCYWNrZW5kIiwiX2F1dGhfdXNlcl9oYXNoIjoiNTQzMWZmNzczN2FlOWYwMmQwNmRmODJmMTA4NTVmOGRmYTBiMTE5MyJ9",
    "expire_date": "2020-05-21T16:56:14.793Z"
  }
},
{
  "model": "sessions.session",
  "pk": "aqndy51k6p1xkpdgufydtafnh1xm4brz",
  "fields": {
    "session_data": "MTM3NjdhM2RhMzA5ZDcyMzJhMGJlZTllMjhhOWU3NzllYWJkNGUyYTp7Il9hdXRoX3VzZXJfaWQiOiIzNSIsIl9hdXRoX3VzZXJfYmFja2VuZCI6ImRqYW5nby5jb250cmliLmF1dGguYmFja2VuZHMuTW9kZWxCYWNrZW5kIiwiX2F1dGhfdXNlcl9oYXNoIjoiNzQ3MGNlMWY5OWRlYTZlMjE5OWQyYzQ0MDI3MzkyNjk3YjU0YTczNCJ9",
    "expire_date": "2020-05-23T13:02:31.393Z"
  }
},
{
  "model": "sessions.session",
  "pk": "arq4umcz23krmrt4qajz0wm9wg1vd6pv",
  "fields": {
    "session_data": "MTM3NjdhM2RhMzA5ZDcyMzJhMGJlZTllMjhhOWU3NzllYWJkNGUyYTp7Il9hdXRoX3VzZXJfaWQiOiIzNSIsIl9hdXRoX3VzZXJfYmFja2VuZCI6ImRqYW5nby5jb250cmliLmF1dGguYmFja2VuZHMuTW9kZWxCYWNrZW5kIiwiX2F1dGhfdXNlcl9oYXNoIjoiNzQ3MGNlMWY5OWRlYTZlMjE5OWQyYzQ0MDI3MzkyNjk3YjU0YTczNCJ9",
    "expire_date": "2020-05-23T14:05:04.840Z"
  }
},
{
  "model": "sessions.session",
  "pk": "b1hxkj5yfrt4oriucai1nzfg6ewop9bf",
  "fields": {
    "session_data": "YTMxM2FkYzM0NTA3NzJiOGUwMzc1NTMwMzY4M2FhODNkYmQ3NDVmMjp7Il9hdXRoX3VzZXJfaWQiOiIzMSIsIl9hdXRoX3VzZXJfYmFja2VuZCI6ImRqYW5nby5jb250cmliLmF1dGguYmFja2VuZHMuTW9kZWxCYWNrZW5kIiwiX2F1dGhfdXNlcl9oYXNoIjoiNTQzMWZmNzczN2FlOWYwMmQwNmRmODJmMTA4NTVmOGRmYTBiMTE5MyJ9",
    "expire_date": "2020-05-21T15:03:38.851Z"
  }
},
{
  "model": "sessions.session",
  "pk": "b8ekwcu9a4hljx7x8hius54qbvpbizy5",
  "fields": {
    "session_data": "YzJlZDZkNzgyNDQ1N2EwNjQwYTNlOTZmZTdjMjgwZjllNjk5ZGYyOTp7Il9hdXRoX3VzZXJfaWQiOiIxIiwiX2F1dGhfdXNlcl9iYWNrZW5kIjoiZGphbmdvLmNvbnRyaWIuYXV0aC5iYWNrZW5kcy5Nb2RlbEJhY2tlbmQiLCJfYXV0aF91c2VyX2hhc2giOiI2N2Y3YjZiYTMyODM3ZWQ1YjdjMzJiYTk0MDcxNjNiODg3ZDYyM2I3In0=",
    "expire_date": "2020-05-21T14:45:09.666Z"
  }
},
{
  "model": "sessions.session",
  "pk": "b9798uv33cu5eb94wx9dwz58mvmwqend",
  "fields": {
    "session_data": "YzJlZDZkNzgyNDQ1N2EwNjQwYTNlOTZmZTdjMjgwZjllNjk5ZGYyOTp7Il9hdXRoX3VzZXJfaWQiOiIxIiwiX2F1dGhfdXNlcl9iYWNrZW5kIjoiZGphbmdvLmNvbnRyaWIuYXV0aC5iYWNrZW5kcy5Nb2RlbEJhY2tlbmQiLCJfYXV0aF91c2VyX2hhc2giOiI2N2Y3YjZiYTMyODM3ZWQ1YjdjMzJiYTk0MDcxNjNiODg3ZDYyM2I3In0=",
    "expire_date": "2020-05-21T14:56:40.763Z"
  }
},
{
  "model": "sessions.session",
  "pk": "babuvecytejpylmql7j8ulkg9k6b10ua",
  "fields": {
    "session_data": "NTAzNDUyMzU2NmUzNDk4YjBmNjE0M2U1ZjQ4NGM2YTQ4ZTA1MWQ0OTp7Il9hdXRoX3VzZXJfaWQiOiIzNCIsIl9hdXRoX3VzZXJfYmFja2VuZCI6ImRqYW5nby5jb250cmliLmF1dGguYmFja2VuZHMuTW9kZWxCYWNrZW5kIiwiX2F1dGhfdXNlcl9oYXNoIjoiNDk3ZjhiYjFlOGM4ZTU1YWI2YjRkYWIwYjU5NmUwNzhjM2JjNjRmZSJ9",
    "expire_date": "2020-05-22T21:00:22.251Z"
  }
},
{
  "model": "sessions.session",
  "pk": "bvd9dkqpheqon2irg8m9de4woyp368gw",
  "fields": {
    "session_data": "NTAzNDUyMzU2NmUzNDk4YjBmNjE0M2U1ZjQ4NGM2YTQ4ZTA1MWQ0OTp7Il9hdXRoX3VzZXJfaWQiOiIzNCIsIl9hdXRoX3VzZXJfYmFja2VuZCI6ImRqYW5nby5jb250cmliLmF1dGguYmFja2VuZHMuTW9kZWxCYWNrZW5kIiwiX2F1dGhfdXNlcl9oYXNoIjoiNDk3ZjhiYjFlOGM4ZTU1YWI2YjRkYWIwYjU5NmUwNzhjM2JjNjRmZSJ9",
    "expire_date": "2020-05-22T20:37:19.648Z"
  }
},
{
  "model": "sessions.session",
  "pk": "bxy6rjeqlcqthx1tn7csjhu7dakyufr4",
  "fields": {
    "session_data": "YTMxM2FkYzM0NTA3NzJiOGUwMzc1NTMwMzY4M2FhODNkYmQ3NDVmMjp7Il9hdXRoX3VzZXJfaWQiOiIzMSIsIl9hdXRoX3VzZXJfYmFja2VuZCI6ImRqYW5nby5jb250cmliLmF1dGguYmFja2VuZHMuTW9kZWxCYWNrZW5kIiwiX2F1dGhfdXNlcl9oYXNoIjoiNTQzMWZmNzczN2FlOWYwMmQwNmRmODJmMTA4NTVmOGRmYTBiMTE5MyJ9",
    "expire_date": "2020-05-21T19:31:03.952Z"
  }
},
{
  "model": "sessions.session",
  "pk": "c21ovw2m3l22jc2hfcxp6lsd7l4qdw3m",
  "fields": {
    "session_data": "YzJlZDZkNzgyNDQ1N2EwNjQwYTNlOTZmZTdjMjgwZjllNjk5ZGYyOTp7Il9hdXRoX3VzZXJfaWQiOiIxIiwiX2F1dGhfdXNlcl9iYWNrZW5kIjoiZGphbmdvLmNvbnRyaWIuYXV0aC5iYWNrZW5kcy5Nb2RlbEJhY2tlbmQiLCJfYXV0aF91c2VyX2hhc2giOiI2N2Y3YjZiYTMyODM3ZWQ1YjdjMzJiYTk0MDcxNjNiODg3ZDYyM2I3In0=",
    "expire_date": "2020-05-21T15:25:23.903Z"
  }
},
{
  "model": "sessions.session",
  "pk": "c7iaq1nq6ymjnvvs66zza9s3lxv9paz6",
  "fields": {
    "session_data": "MDEzYTg1NmQxZWRlYmRhMWNhNzk1ZWM1YWNhNDE3MDNlYmFiZTgyZTp7Il9hdXRoX3VzZXJfaWQiOiIzNiIsIl9hdXRoX3VzZXJfYmFja2VuZCI6ImRqYW5nby5jb250cmliLmF1dGguYmFja2VuZHMuTW9kZWxCYWNrZW5kIiwiX2F1dGhfdXNlcl9oYXNoIjoiNjc0Yzc3MGZiMDk1Yzg4ZmNkM2M0M2MzNjUzN2VhNWY2ODg0ODk3MiJ9",
    "expire_date": "2020-05-24T01:36:28.778Z"
  }
},
{
  "model": "sessions.session",
  "pk": "ck0t5wejhvefy9lwnt5lsxokzray1ov7",
  "fields": {
    "session_data": "NTAzNDUyMzU2NmUzNDk4YjBmNjE0M2U1ZjQ4NGM2YTQ4ZTA1MWQ0OTp7Il9hdXRoX3VzZXJfaWQiOiIzNCIsIl9hdXRoX3VzZXJfYmFja2VuZCI6ImRqYW5nby5jb250cmliLmF1dGguYmFja2VuZHMuTW9kZWxCYWNrZW5kIiwiX2F1dGhfdXNlcl9oYXNoIjoiNDk3ZjhiYjFlOGM4ZTU1YWI2YjRkYWIwYjU5NmUwNzhjM2JjNjRmZSJ9",
    "expire_date": "2020-05-22T02:29:58.557Z"
  }
},
{
  "model": "sessions.session",
  "pk": "d9u97bnzb2jpnxu5s5495chvuj190ery",
  "fields": {
    "session_data": "MDEzYTg1NmQxZWRlYmRhMWNhNzk1ZWM1YWNhNDE3MDNlYmFiZTgyZTp7Il9hdXRoX3VzZXJfaWQiOiIzNiIsIl9hdXRoX3VzZXJfYmFja2VuZCI6ImRqYW5nby5jb250cmliLmF1dGguYmFja2VuZHMuTW9kZWxCYWNrZW5kIiwiX2F1dGhfdXNlcl9oYXNoIjoiNjc0Yzc3MGZiMDk1Yzg4ZmNkM2M0M2MzNjUzN2VhNWY2ODg0ODk3MiJ9",
    "expire_date": "2020-05-23T16:55:30.716Z"
  }
},
{
  "model": "sessions.session",
  "pk": "dd3hckhs53fjk1zivii0w0plpnnk77jc",
  "fields": {
    "session_data": "YzJlZDZkNzgyNDQ1N2EwNjQwYTNlOTZmZTdjMjgwZjllNjk5ZGYyOTp7Il9hdXRoX3VzZXJfaWQiOiIxIiwiX2F1dGhfdXNlcl9iYWNrZW5kIjoiZGphbmdvLmNvbnRyaWIuYXV0aC5iYWNrZW5kcy5Nb2RlbEJhY2tlbmQiLCJfYXV0aF91c2VyX2hhc2giOiI2N2Y3YjZiYTMyODM3ZWQ1YjdjMzJiYTk0MDcxNjNiODg3ZDYyM2I3In0=",
    "expire_date": "2020-05-21T17:13:10.879Z"
  }
},
{
  "model": "sessions.session",
  "pk": "dpsobgkcx78r04l6zytdk17pywwjhzmo",
  "fields": {
    "session_data": "NTAzNDUyMzU2NmUzNDk4YjBmNjE0M2U1ZjQ4NGM2YTQ4ZTA1MWQ0OTp7Il9hdXRoX3VzZXJfaWQiOiIzNCIsIl9hdXRoX3VzZXJfYmFja2VuZCI6ImRqYW5nby5jb250cmliLmF1dGguYmFja2VuZHMuTW9kZWxCYWNrZW5kIiwiX2F1dGhfdXNlcl9oYXNoIjoiNDk3ZjhiYjFlOGM4ZTU1YWI2YjRkYWIwYjU5NmUwNzhjM2JjNjRmZSJ9",
    "expire_date": "2020-05-22T02:41:04.363Z"
  }
},
{
  "model": "sessions.session",
  "pk": "eggjvgzkw5h1kstbif8q1xtu5zav6cy1",
  "fields": {
    "session_data": "MTM3NjdhM2RhMzA5ZDcyMzJhMGJlZTllMjhhOWU3NzllYWJkNGUyYTp7Il9hdXRoX3VzZXJfaWQiOiIzNSIsIl9hdXRoX3VzZXJfYmFja2VuZCI6ImRqYW5nby5jb250cmliLmF1dGguYmFja2VuZHMuTW9kZWxCYWNrZW5kIiwiX2F1dGhfdXNlcl9oYXNoIjoiNzQ3MGNlMWY5OWRlYTZlMjE5OWQyYzQ0MDI3MzkyNjk3YjU0YTczNCJ9",
    "expire_date": "2020-05-23T14:36:46.140Z"
  }
},
{
  "model": "sessions.session",
  "pk": "ejxp8ao2o70hq9ce5eyfbv270bg5cx1a",
  "fields": {
    "session_data": "YzJlZDZkNzgyNDQ1N2EwNjQwYTNlOTZmZTdjMjgwZjllNjk5ZGYyOTp7Il9hdXRoX3VzZXJfaWQiOiIxIiwiX2F1dGhfdXNlcl9iYWNrZW5kIjoiZGphbmdvLmNvbnRyaWIuYXV0aC5iYWNrZW5kcy5Nb2RlbEJhY2tlbmQiLCJfYXV0aF91c2VyX2hhc2giOiI2N2Y3YjZiYTMyODM3ZWQ1YjdjMzJiYTk0MDcxNjNiODg3ZDYyM2I3In0=",
    "expire_date": "2020-05-23T02:52:57.178Z"
  }
},
{
  "model": "sessions.session",
  "pk": "ertcs2bbq3bz3tq8p28v7z28ytizs4qx",
  "fields": {
    "session_data": "YzJlZDZkNzgyNDQ1N2EwNjQwYTNlOTZmZTdjMjgwZjllNjk5ZGYyOTp7Il9hdXRoX3VzZXJfaWQiOiIxIiwiX2F1dGhfdXNlcl9iYWNrZW5kIjoiZGphbmdvLmNvbnRyaWIuYXV0aC5iYWNrZW5kcy5Nb2RlbEJhY2tlbmQiLCJfYXV0aF91c2VyX2hhc2giOiI2N2Y3YjZiYTMyODM3ZWQ1YjdjMzJiYTk0MDcxNjNiODg3ZDYyM2I3In0=",
    "expire_date": "2020-05-21T15:38:16.137Z"
  }
},
{
  "model": "sessions.session",
  "pk": "g6l0fqpoq9z3va9kj7gb3be85j1pwe4d",
  "fields": {
    "session_data": "YzJlZDZkNzgyNDQ1N2EwNjQwYTNlOTZmZTdjMjgwZjllNjk5ZGYyOTp7Il9hdXRoX3VzZXJfaWQiOiIxIiwiX2F1dGhfdXNlcl9iYWNrZW5kIjoiZGphbmdvLmNvbnRyaWIuYXV0aC5iYWNrZW5kcy5Nb2RlbEJhY2tlbmQiLCJfYXV0aF91c2VyX2hhc2giOiI2N2Y3YjZiYTMyODM3ZWQ1YjdjMzJiYTk0MDcxNjNiODg3ZDYyM2I3In0=",
    "expire_date": "2020-05-23T14:27:17.214Z"
  }
},
{
  "model": "sessions.session",
  "pk": "gv0cudb4ofrx4hfbgi3b9uad5nhzj6xj",
  "fields": {
    "session_data": "NTAzNDUyMzU2NmUzNDk4YjBmNjE0M2U1ZjQ4NGM2YTQ4ZTA1MWQ0OTp7Il9hdXRoX3VzZXJfaWQiOiIzNCIsIl9hdXRoX3VzZXJfYmFja2VuZCI6ImRqYW5nby5jb250cmliLmF1dGguYmFja2VuZHMuTW9kZWxCYWNrZW5kIiwiX2F1dGhfdXNlcl9oYXNoIjoiNDk3ZjhiYjFlOGM4ZTU1YWI2YjRkYWIwYjU5NmUwNzhjM2JjNjRmZSJ9",
    "expire_date": "2020-05-22T19:41:39.245Z"
  }
},
{
  "model": "sessions.session",
  "pk": "gxif4eu457wbatomwortmo3j0aak95ct",
  "fields": {
    "session_data": "YTMxM2FkYzM0NTA3NzJiOGUwMzc1NTMwMzY4M2FhODNkYmQ3NDVmMjp7Il9hdXRoX3VzZXJfaWQiOiIzMSIsIl9hdXRoX3VzZXJfYmFja2VuZCI6ImRqYW5nby5jb250cmliLmF1dGguYmFja2VuZHMuTW9kZWxCYWNrZW5kIiwiX2F1dGhfdXNlcl9oYXNoIjoiNTQzMWZmNzczN2FlOWYwMmQwNmRmODJmMTA4NTVmOGRmYTBiMTE5MyJ9",
    "expire_date": "2020-05-21T17:57:59.428Z"
  }
},
{
  "model": "sessions.session",
  "pk": "han22jxg0hvtm93wy3zu9ll9undr1qh3",
  "fields": {
    "session_data": "NTAzNDUyMzU2NmUzNDk4YjBmNjE0M2U1ZjQ4NGM2YTQ4ZTA1MWQ0OTp7Il9hdXRoX3VzZXJfaWQiOiIzNCIsIl9hdXRoX3VzZXJfYmFja2VuZCI6ImRqYW5nby5jb250cmliLmF1dGguYmFja2VuZHMuTW9kZWxCYWNrZW5kIiwiX2F1dGhfdXNlcl9oYXNoIjoiNDk3ZjhiYjFlOGM4ZTU1YWI2YjRkYWIwYjU5NmUwNzhjM2JjNjRmZSJ9",
    "expire_date": "2020-05-23T03:39:20.323Z"
  }
},
{
  "model": "sessions.session",
  "pk": "j5m8n5tua3cccpn7bstvd9z2n97muysq",
  "fields": {
    "session_data": "MjE2M2MxMTVhMDEwNDdhMDNjZTY3YzllZGY1NTVjZjM2Y2MxNmY3Njp7Il9hdXRoX3VzZXJfaWQiOiIzMyIsIl9hdXRoX3VzZXJfYmFja2VuZCI6ImRqYW5nby5jb250cmliLmF1dGguYmFja2VuZHMuTW9kZWxCYWNrZW5kIiwiX2F1dGhfdXNlcl9oYXNoIjoiYWUwY2Q4N2Q2ZTlkNjBlMWI0YjJlYjRkYmZiYWY5MGE3MmIyM2UyZSJ9",
    "expire_date": "2020-05-22T01:58:34.561Z"
  }
},
{
  "model": "sessions.session",
  "pk": "j84e0zh3l8u7qgzqgqbld8mu4xh032b2",
  "fields": {
    "session_data": "NTAzNDUyMzU2NmUzNDk4YjBmNjE0M2U1ZjQ4NGM2YTQ4ZTA1MWQ0OTp7Il9hdXRoX3VzZXJfaWQiOiIzNCIsIl9hdXRoX3VzZXJfYmFja2VuZCI6ImRqYW5nby5jb250cmliLmF1dGguYmFja2VuZHMuTW9kZWxCYWNrZW5kIiwiX2F1dGhfdXNlcl9oYXNoIjoiNDk3ZjhiYjFlOGM4ZTU1YWI2YjRkYWIwYjU5NmUwNzhjM2JjNjRmZSJ9",
    "expire_date": "2020-05-23T02:48:00.309Z"
  }
},
{
  "model": "sessions.session",
  "pk": "jf0z23xn7m3z4vkfonuqguc97edcbsas",
  "fields": {
    "session_data": "YTMxM2FkYzM0NTA3NzJiOGUwMzc1NTMwMzY4M2FhODNkYmQ3NDVmMjp7Il9hdXRoX3VzZXJfaWQiOiIzMSIsIl9hdXRoX3VzZXJfYmFja2VuZCI6ImRqYW5nby5jb250cmliLmF1dGguYmFja2VuZHMuTW9kZWxCYWNrZW5kIiwiX2F1dGhfdXNlcl9oYXNoIjoiNTQzMWZmNzczN2FlOWYwMmQwNmRmODJmMTA4NTVmOGRmYTBiMTE5MyJ9",
    "expire_date": "2020-05-21T20:58:49.236Z"
  }
},
{
  "model": "sessions.session",
  "pk": "jgn1o7jn0ut68m0cwqyh760mbuyru3n8",
  "fields": {
    "session_data": "YTMxM2FkYzM0NTA3NzJiOGUwMzc1NTMwMzY4M2FhODNkYmQ3NDVmMjp7Il9hdXRoX3VzZXJfaWQiOiIzMSIsIl9hdXRoX3VzZXJfYmFja2VuZCI6ImRqYW5nby5jb250cmliLmF1dGguYmFja2VuZHMuTW9kZWxCYWNrZW5kIiwiX2F1dGhfdXNlcl9oYXNoIjoiNTQzMWZmNzczN2FlOWYwMmQwNmRmODJmMTA4NTVmOGRmYTBiMTE5MyJ9",
    "expire_date": "2020-05-21T15:30:33.427Z"
  }
},
{
  "model": "sessions.session",
  "pk": "k2xsi1dbxl050oa17oad3zjrisiyijk4",
  "fields": {
    "session_data": "YTMxM2FkYzM0NTA3NzJiOGUwMzc1NTMwMzY4M2FhODNkYmQ3NDVmMjp7Il9hdXRoX3VzZXJfaWQiOiIzMSIsIl9hdXRoX3VzZXJfYmFja2VuZCI6ImRqYW5nby5jb250cmliLmF1dGguYmFja2VuZHMuTW9kZWxCYWNrZW5kIiwiX2F1dGhfdXNlcl9oYXNoIjoiNTQzMWZmNzczN2FlOWYwMmQwNmRmODJmMTA4NTVmOGRmYTBiMTE5MyJ9",
    "expire_date": "2020-05-22T01:20:07.279Z"
  }
},
{
  "model": "sessions.session",
  "pk": "kf1zrkcv13ysrfv8xge133ir4nqw33lq",
  "fields": {
    "session_data": "MTM3NjdhM2RhMzA5ZDcyMzJhMGJlZTllMjhhOWU3NzllYWJkNGUyYTp7Il9hdXRoX3VzZXJfaWQiOiIzNSIsIl9hdXRoX3VzZXJfYmFja2VuZCI6ImRqYW5nby5jb250cmliLmF1dGguYmFja2VuZHMuTW9kZWxCYWNrZW5kIiwiX2F1dGhfdXNlcl9oYXNoIjoiNzQ3MGNlMWY5OWRlYTZlMjE5OWQyYzQ0MDI3MzkyNjk3YjU0YTczNCJ9",
    "expire_date": "2020-05-23T12:51:27.640Z"
  }
},
{
  "model": "sessions.session",
  "pk": "ky24e2qskegla3x5622ut9ab3bb09g6t",
  "fields": {
    "session_data": "MDEzYTg1NmQxZWRlYmRhMWNhNzk1ZWM1YWNhNDE3MDNlYmFiZTgyZTp7Il9hdXRoX3VzZXJfaWQiOiIzNiIsIl9hdXRoX3VzZXJfYmFja2VuZCI6ImRqYW5nby5jb250cmliLmF1dGguYmFja2VuZHMuTW9kZWxCYWNrZW5kIiwiX2F1dGhfdXNlcl9oYXNoIjoiNjc0Yzc3MGZiMDk1Yzg4ZmNkM2M0M2MzNjUzN2VhNWY2ODg0ODk3MiJ9",
    "expire_date": "2020-05-23T23:36:54.778Z"
  }
},
{
  "model": "sessions.session",
  "pk": "l1puwfkvmzdg3t9qhsn9muq5jgrmv9gn",
  "fields": {
    "session_data": "YzJlZDZkNzgyNDQ1N2EwNjQwYTNlOTZmZTdjMjgwZjllNjk5ZGYyOTp7Il9hdXRoX3VzZXJfaWQiOiIxIiwiX2F1dGhfdXNlcl9iYWNrZW5kIjoiZGphbmdvLmNvbnRyaWIuYXV0aC5iYWNrZW5kcy5Nb2RlbEJhY2tlbmQiLCJfYXV0aF91c2VyX2hhc2giOiI2N2Y3YjZiYTMyODM3ZWQ1YjdjMzJiYTk0MDcxNjNiODg3ZDYyM2I3In0=",
    "expire_date": "2020-05-21T14:51:31.011Z"
  }
},
{
  "model": "sessions.session",
  "pk": "ldq162fxsw4b9vhx2hsg0mlb73sdv3h7",
  "fields": {
    "session_data": "YzJlZDZkNzgyNDQ1N2EwNjQwYTNlOTZmZTdjMjgwZjllNjk5ZGYyOTp7Il9hdXRoX3VzZXJfaWQiOiIxIiwiX2F1dGhfdXNlcl9iYWNrZW5kIjoiZGphbmdvLmNvbnRyaWIuYXV0aC5iYWNrZW5kcy5Nb2RlbEJhY2tlbmQiLCJfYXV0aF91c2VyX2hhc2giOiI2N2Y3YjZiYTMyODM3ZWQ1YjdjMzJiYTk0MDcxNjNiODg3ZDYyM2I3In0=",
    "expire_date": "2020-05-23T06:11:22.553Z"
  }
},
{
  "model": "sessions.session",
  "pk": "lftyr836auxksqi4o6daoskruh3bx7ti",
  "fields": {
    "session_data": "YzJlZDZkNzgyNDQ1N2EwNjQwYTNlOTZmZTdjMjgwZjllNjk5ZGYyOTp7Il9hdXRoX3VzZXJfaWQiOiIxIiwiX2F1dGhfdXNlcl9iYWNrZW5kIjoiZGphbmdvLmNvbnRyaWIuYXV0aC5iYWNrZW5kcy5Nb2RlbEJhY2tlbmQiLCJfYXV0aF91c2VyX2hhc2giOiI2N2Y3YjZiYTMyODM3ZWQ1YjdjMzJiYTk0MDcxNjNiODg3ZDYyM2I3In0=",
    "expire_date": "2020-05-22T01:56:53.398Z"
  }
},
{
  "model": "sessions.session",
  "pk": "lh4bryry489qdqh23rgymee3cvqhose1",
  "fields": {
    "session_data": "NTAzNDUyMzU2NmUzNDk4YjBmNjE0M2U1ZjQ4NGM2YTQ4ZTA1MWQ0OTp7Il9hdXRoX3VzZXJfaWQiOiIzNCIsIl9hdXRoX3VzZXJfYmFja2VuZCI6ImRqYW5nby5jb250cmliLmF1dGguYmFja2VuZHMuTW9kZWxCYWNrZW5kIiwiX2F1dGhfdXNlcl9oYXNoIjoiNDk3ZjhiYjFlOGM4ZTU1YWI2YjRkYWIwYjU5NmUwNzhjM2JjNjRmZSJ9",
    "expire_date": "2020-05-23T03:29:06.353Z"
  }
},
{
  "model": "sessions.session",
  "pk": "lv728bae2sejonpdez7l504j4rtszs46",
  "fields": {
    "session_data": "MTM3NjdhM2RhMzA5ZDcyMzJhMGJlZTllMjhhOWU3NzllYWJkNGUyYTp7Il9hdXRoX3VzZXJfaWQiOiIzNSIsIl9hdXRoX3VzZXJfYmFja2VuZCI6ImRqYW5nby5jb250cmliLmF1dGguYmFja2VuZHMuTW9kZWxCYWNrZW5kIiwiX2F1dGhfdXNlcl9oYXNoIjoiNzQ3MGNlMWY5OWRlYTZlMjE5OWQyYzQ0MDI3MzkyNjk3YjU0YTczNCJ9",
    "expire_date": "2020-05-23T15:01:24.136Z"
  }
},
{
  "model": "sessions.session",
  "pk": "lvapysc7c3u53a21y8z8a61wtd1l9nh3",
  "fields": {
    "session_data": "MTM3NjdhM2RhMzA5ZDcyMzJhMGJlZTllMjhhOWU3NzllYWJkNGUyYTp7Il9hdXRoX3VzZXJfaWQiOiIzNSIsIl9hdXRoX3VzZXJfYmFja2VuZCI6ImRqYW5nby5jb250cmliLmF1dGguYmFja2VuZHMuTW9kZWxCYWNrZW5kIiwiX2F1dGhfdXNlcl9oYXNoIjoiNzQ3MGNlMWY5OWRlYTZlMjE5OWQyYzQ0MDI3MzkyNjk3YjU0YTczNCJ9",
    "expire_date": "2020-05-23T11:59:58.902Z"
  }
},
{
  "model": "sessions.session",
  "pk": "mstp4s5i1z5o3ipl9q7yhlwseq46jk75",
  "fields": {
    "session_data": "YzJlZDZkNzgyNDQ1N2EwNjQwYTNlOTZmZTdjMjgwZjllNjk5ZGYyOTp7Il9hdXRoX3VzZXJfaWQiOiIxIiwiX2F1dGhfdXNlcl9iYWNrZW5kIjoiZGphbmdvLmNvbnRyaWIuYXV0aC5iYWNrZW5kcy5Nb2RlbEJhY2tlbmQiLCJfYXV0aF91c2VyX2hhc2giOiI2N2Y3YjZiYTMyODM3ZWQ1YjdjMzJiYTk0MDcxNjNiODg3ZDYyM2I3In0=",
    "expire_date": "2020-05-23T17:35:20.806Z"
  }
},
{
  "model": "sessions.session",
  "pk": "mue6bqdqr7kn83ccue7qvej1g5gcgu0x",
  "fields": {
    "session_data": "YTMxM2FkYzM0NTA3NzJiOGUwMzc1NTMwMzY4M2FhODNkYmQ3NDVmMjp7Il9hdXRoX3VzZXJfaWQiOiIzMSIsIl9hdXRoX3VzZXJfYmFja2VuZCI6ImRqYW5nby5jb250cmliLmF1dGguYmFja2VuZHMuTW9kZWxCYWNrZW5kIiwiX2F1dGhfdXNlcl9oYXNoIjoiNTQzMWZmNzczN2FlOWYwMmQwNmRmODJmMTA4NTVmOGRmYTBiMTE5MyJ9",
    "expire_date": "2020-05-21T20:27:14.132Z"
  }
},
{
  "model": "sessions.session",
  "pk": "nzb2jdrm6rjil26mdwqfwxh4xho6xffg",
  "fields": {
    "session_data": "NTAzNDUyMzU2NmUzNDk4YjBmNjE0M2U1ZjQ4NGM2YTQ4ZTA1MWQ0OTp7Il9hdXRoX3VzZXJfaWQiOiIzNCIsIl9hdXRoX3VzZXJfYmFja2VuZCI6ImRqYW5nby5jb250cmliLmF1dGguYmFja2VuZHMuTW9kZWxCYWNrZW5kIiwiX2F1dGhfdXNlcl9oYXNoIjoiNDk3ZjhiYjFlOGM4ZTU1YWI2YjRkYWIwYjU5NmUwNzhjM2JjNjRmZSJ9",
    "expire_date": "2020-05-23T03:16:42.574Z"
  }
},
{
  "model": "sessions.session",
  "pk": "obijs07rmsx2hinwe1bfj6zbcco78ddq",
  "fields": {
    "session_data": "YzJlZDZkNzgyNDQ1N2EwNjQwYTNlOTZmZTdjMjgwZjllNjk5ZGYyOTp7Il9hdXRoX3VzZXJfaWQiOiIxIiwiX2F1dGhfdXNlcl9iYWNrZW5kIjoiZGphbmdvLmNvbnRyaWIuYXV0aC5iYWNrZW5kcy5Nb2RlbEJhY2tlbmQiLCJfYXV0aF91c2VyX2hhc2giOiI2N2Y3YjZiYTMyODM3ZWQ1YjdjMzJiYTk0MDcxNjNiODg3ZDYyM2I3In0=",
    "expire_date": "2020-05-22T01:17:04.979Z"
  }
},
{
  "model": "sessions.session",
  "pk": "opmc48ixeb0ldyw80aua6hoqbvvc0h0z",
  "fields": {
    "session_data": "YzJlZDZkNzgyNDQ1N2EwNjQwYTNlOTZmZTdjMjgwZjllNjk5ZGYyOTp7Il9hdXRoX3VzZXJfaWQiOiIxIiwiX2F1dGhfdXNlcl9iYWNrZW5kIjoiZGphbmdvLmNvbnRyaWIuYXV0aC5iYWNrZW5kcy5Nb2RlbEJhY2tlbmQiLCJfYXV0aF91c2VyX2hhc2giOiI2N2Y3YjZiYTMyODM3ZWQ1YjdjMzJiYTk0MDcxNjNiODg3ZDYyM2I3In0=",
    "expire_date": "2020-05-23T05:39:10.711Z"
  }
},
{
  "model": "sessions.session",
  "pk": "ox7zictllz9t963r7dy66653npowzou9",
  "fields": {
    "session_data": "YTMxM2FkYzM0NTA3NzJiOGUwMzc1NTMwMzY4M2FhODNkYmQ3NDVmMjp7Il9hdXRoX3VzZXJfaWQiOiIzMSIsIl9hdXRoX3VzZXJfYmFja2VuZCI6ImRqYW5nby5jb250cmliLmF1dGguYmFja2VuZHMuTW9kZWxCYWNrZW5kIiwiX2F1dGhfdXNlcl9oYXNoIjoiNTQzMWZmNzczN2FlOWYwMmQwNmRmODJmMTA4NTVmOGRmYTBiMTE5MyJ9",
    "expire_date": "2020-05-21T20:08:45.210Z"
  }
},
{
  "model": "sessions.session",
  "pk": "oxjq0eyqs37zxhu275mf2ta22fu86bqi",
  "fields": {
    "session_data": "NTAzNDUyMzU2NmUzNDk4YjBmNjE0M2U1ZjQ4NGM2YTQ4ZTA1MWQ0OTp7Il9hdXRoX3VzZXJfaWQiOiIzNCIsIl9hdXRoX3VzZXJfYmFja2VuZCI6ImRqYW5nby5jb250cmliLmF1dGguYmFja2VuZHMuTW9kZWxCYWNrZW5kIiwiX2F1dGhfdXNlcl9oYXNoIjoiNDk3ZjhiYjFlOGM4ZTU1YWI2YjRkYWIwYjU5NmUwNzhjM2JjNjRmZSJ9",
    "expire_date": "2020-05-23T03:53:30.625Z"
  }
},
{
  "model": "sessions.session",
  "pk": "qd7oy9ldnysz3zjtilz3lvwd22bqnc7b",
  "fields": {
    "session_data": "YTMxM2FkYzM0NTA3NzJiOGUwMzc1NTMwMzY4M2FhODNkYmQ3NDVmMjp7Il9hdXRoX3VzZXJfaWQiOiIzMSIsIl9hdXRoX3VzZXJfYmFja2VuZCI6ImRqYW5nby5jb250cmliLmF1dGguYmFja2VuZHMuTW9kZWxCYWNrZW5kIiwiX2F1dGhfdXNlcl9oYXNoIjoiNTQzMWZmNzczN2FlOWYwMmQwNmRmODJmMTA4NTVmOGRmYTBiMTE5MyJ9",
    "expire_date": "2020-05-21T15:09:04.904Z"
  }
},
{
  "model": "sessions.session",
  "pk": "qydkvxs8ivsxvdbw57yjauz1474oqozv",
  "fields": {
    "session_data": "YzJlZDZkNzgyNDQ1N2EwNjQwYTNlOTZmZTdjMjgwZjllNjk5ZGYyOTp7Il9hdXRoX3VzZXJfaWQiOiIxIiwiX2F1dGhfdXNlcl9iYWNrZW5kIjoiZGphbmdvLmNvbnRyaWIuYXV0aC5iYWNrZW5kcy5Nb2RlbEJhY2tlbmQiLCJfYXV0aF91c2VyX2hhc2giOiI2N2Y3YjZiYTMyODM3ZWQ1YjdjMzJiYTk0MDcxNjNiODg3ZDYyM2I3In0=",
    "expire_date": "2020-05-23T11:58:37.867Z"
  }
},
{
  "model": "sessions.session",
  "pk": "rghs56t5ageyd457nk93wmbqkeyponnw",
  "fields": {
    "session_data": "YzJlZDZkNzgyNDQ1N2EwNjQwYTNlOTZmZTdjMjgwZjllNjk5ZGYyOTp7Il9hdXRoX3VzZXJfaWQiOiIxIiwiX2F1dGhfdXNlcl9iYWNrZW5kIjoiZGphbmdvLmNvbnRyaWIuYXV0aC5iYWNrZW5kcy5Nb2RlbEJhY2tlbmQiLCJfYXV0aF91c2VyX2hhc2giOiI2N2Y3YjZiYTMyODM3ZWQ1YjdjMzJiYTk0MDcxNjNiODg3ZDYyM2I3In0=",
    "expire_date": "2020-05-23T17:03:30.916Z"
  }
},
{
  "model": "sessions.session",
  "pk": "rnqy9wdhbteqjamr14a9o5sgrlf3p1ds",
  "fields": {
    "session_data": "NTAzNDUyMzU2NmUzNDk4YjBmNjE0M2U1ZjQ4NGM2YTQ4ZTA1MWQ0OTp7Il9hdXRoX3VzZXJfaWQiOiIzNCIsIl9hdXRoX3VzZXJfYmFja2VuZCI6ImRqYW5nby5jb250cmliLmF1dGguYmFja2VuZHMuTW9kZWxCYWNrZW5kIiwiX2F1dGhfdXNlcl9oYXNoIjoiNDk3ZjhiYjFlOGM4ZTU1YWI2YjRkYWIwYjU5NmUwNzhjM2JjNjRmZSJ9",
    "expire_date": "2020-05-23T05:02:21.116Z"
  }
},
{
  "model": "sessions.session",
  "pk": "s839nddpzlq5qmx64kuw4nc6uhds433d",
  "fields": {
    "session_data": "YzJlZDZkNzgyNDQ1N2EwNjQwYTNlOTZmZTdjMjgwZjllNjk5ZGYyOTp7Il9hdXRoX3VzZXJfaWQiOiIxIiwiX2F1dGhfdXNlcl9iYWNrZW5kIjoiZGphbmdvLmNvbnRyaWIuYXV0aC5iYWNrZW5kcy5Nb2RlbEJhY2tlbmQiLCJfYXV0aF91c2VyX2hhc2giOiI2N2Y3YjZiYTMyODM3ZWQ1YjdjMzJiYTk0MDcxNjNiODg3ZDYyM2I3In0=",
    "expire_date": "2020-05-23T03:05:47.441Z"
  }
},
{
  "model": "sessions.session",
  "pk": "s8uv8ifde8ds9duju7jrtv5u2q6bc8w7",
  "fields": {
    "session_data": "MDEzYTg1NmQxZWRlYmRhMWNhNzk1ZWM1YWNhNDE3MDNlYmFiZTgyZTp7Il9hdXRoX3VzZXJfaWQiOiIzNiIsIl9hdXRoX3VzZXJfYmFja2VuZCI6ImRqYW5nby5jb250cmliLmF1dGguYmFja2VuZHMuTW9kZWxCYWNrZW5kIiwiX2F1dGhfdXNlcl9oYXNoIjoiNjc0Yzc3MGZiMDk1Yzg4ZmNkM2M0M2MzNjUzN2VhNWY2ODg0ODk3MiJ9",
    "expire_date": "2020-05-23T17:07:01.510Z"
  }
},
{
  "model": "sessions.session",
  "pk": "spga9mi5rlippd33nfojwzs3qbvt0yq9",
  "fields": {
    "session_data": "NTAzNDUyMzU2NmUzNDk4YjBmNjE0M2U1ZjQ4NGM2YTQ4ZTA1MWQ0OTp7Il9hdXRoX3VzZXJfaWQiOiIzNCIsIl9hdXRoX3VzZXJfYmFja2VuZCI6ImRqYW5nby5jb250cmliLmF1dGguYmFja2VuZHMuTW9kZWxCYWNrZW5kIiwiX2F1dGhfdXNlcl9oYXNoIjoiNDk3ZjhiYjFlOGM4ZTU1YWI2YjRkYWIwYjU5NmUwNzhjM2JjNjRmZSJ9",
    "expire_date": "2020-05-23T04:14:56.137Z"
  }
},
{
  "model": "sessions.session",
  "pk": "t4w3y68a3xfic53b953i9jpz214e6fta",
  "fields": {
    "session_data": "MDEzYTg1NmQxZWRlYmRhMWNhNzk1ZWM1YWNhNDE3MDNlYmFiZTgyZTp7Il9hdXRoX3VzZXJfaWQiOiIzNiIsIl9hdXRoX3VzZXJfYmFja2VuZCI6ImRqYW5nby5jb250cmliLmF1dGguYmFja2VuZHMuTW9kZWxCYWNrZW5kIiwiX2F1dGhfdXNlcl9oYXNoIjoiNjc0Yzc3MGZiMDk1Yzg4ZmNkM2M0M2MzNjUzN2VhNWY2ODg0ODk3MiJ9",
    "expire_date": "2020-05-23T17:28:20.752Z"
  }
},
{
  "model": "sessions.session",
  "pk": "tatzazfx8ievkk8hhz62uc579c4qxhz4",
  "fields": {
    "session_data": "YzJlZDZkNzgyNDQ1N2EwNjQwYTNlOTZmZTdjMjgwZjllNjk5ZGYyOTp7Il9hdXRoX3VzZXJfaWQiOiIxIiwiX2F1dGhfdXNlcl9iYWNrZW5kIjoiZGphbmdvLmNvbnRyaWIuYXV0aC5iYWNrZW5kcy5Nb2RlbEJhY2tlbmQiLCJfYXV0aF91c2VyX2hhc2giOiI2N2Y3YjZiYTMyODM3ZWQ1YjdjMzJiYTk0MDcxNjNiODg3ZDYyM2I3In0=",
    "expire_date": "2020-05-21T14:30:53.858Z"
  }
},
{
  "model": "sessions.session",
  "pk": "tg65w6j0pm8gfe5ebtc5tdexwepe9kor",
  "fields": {
    "session_data": "NTAzNDUyMzU2NmUzNDk4YjBmNjE0M2U1ZjQ4NGM2YTQ4ZTA1MWQ0OTp7Il9hdXRoX3VzZXJfaWQiOiIzNCIsIl9hdXRoX3VzZXJfYmFja2VuZCI6ImRqYW5nby5jb250cmliLmF1dGguYmFja2VuZHMuTW9kZWxCYWNrZW5kIiwiX2F1dGhfdXNlcl9oYXNoIjoiNDk3ZjhiYjFlOGM4ZTU1YWI2YjRkYWIwYjU5NmUwNzhjM2JjNjRmZSJ9",
    "expire_date": "2020-05-22T22:15:33.737Z"
  }
},
{
  "model": "sessions.session",
  "pk": "ugn970og94h5ccvoyo78405n78nv0a6e",
  "fields": {
    "session_data": "YzJlZDZkNzgyNDQ1N2EwNjQwYTNlOTZmZTdjMjgwZjllNjk5ZGYyOTp7Il9hdXRoX3VzZXJfaWQiOiIxIiwiX2F1dGhfdXNlcl9iYWNrZW5kIjoiZGphbmdvLmNvbnRyaWIuYXV0aC5iYWNrZW5kcy5Nb2RlbEJhY2tlbmQiLCJfYXV0aF91c2VyX2hhc2giOiI2N2Y3YjZiYTMyODM3ZWQ1YjdjMzJiYTk0MDcxNjNiODg3ZDYyM2I3In0=",
    "expire_date": "2020-05-21T15:33:11.994Z"
  }
},
{
  "model": "sessions.session",
  "pk": "uniqyfzqtkcgxqmf97wfwdtlsagtkg28",
  "fields": {
    "session_data": "MTM3NjdhM2RhMzA5ZDcyMzJhMGJlZTllMjhhOWU3NzllYWJkNGUyYTp7Il9hdXRoX3VzZXJfaWQiOiIzNSIsIl9hdXRoX3VzZXJfYmFja2VuZCI6ImRqYW5nby5jb250cmliLmF1dGguYmFja2VuZHMuTW9kZWxCYWNrZW5kIiwiX2F1dGhfdXNlcl9oYXNoIjoiNzQ3MGNlMWY5OWRlYTZlMjE5OWQyYzQ0MDI3MzkyNjk3YjU0YTczNCJ9",
    "expire_date": "2020-05-23T13:36:40.454Z"
  }
},
{
  "model": "sessions.session",
  "pk": "unp2j5afe546div8llk3wrlqnqbvy0tu",
  "fields": {
    "session_data": "YzJlZDZkNzgyNDQ1N2EwNjQwYTNlOTZmZTdjMjgwZjllNjk5ZGYyOTp7Il9hdXRoX3VzZXJfaWQiOiIxIiwiX2F1dGhfdXNlcl9iYWNrZW5kIjoiZGphbmdvLmNvbnRyaWIuYXV0aC5iYWNrZW5kcy5Nb2RlbEJhY2tlbmQiLCJfYXV0aF91c2VyX2hhc2giOiI2N2Y3YjZiYTMyODM3ZWQ1YjdjMzJiYTk0MDcxNjNiODg3ZDYyM2I3In0=",
    "expire_date": "2020-05-21T16:56:32.764Z"
  }
},
{
  "model": "sessions.session",
  "pk": "uoaupqbi9eylejeuh4lsnb508rt4yjf7",
  "fields": {
    "session_data": "NTAzNDUyMzU2NmUzNDk4YjBmNjE0M2U1ZjQ4NGM2YTQ4ZTA1MWQ0OTp7Il9hdXRoX3VzZXJfaWQiOiIzNCIsIl9hdXRoX3VzZXJfYmFja2VuZCI6ImRqYW5nby5jb250cmliLmF1dGguYmFja2VuZHMuTW9kZWxCYWNrZW5kIiwiX2F1dGhfdXNlcl9oYXNoIjoiNDk3ZjhiYjFlOGM4ZTU1YWI2YjRkYWIwYjU5NmUwNzhjM2JjNjRmZSJ9",
    "expire_date": "2020-05-23T04:26:25.610Z"
  }
},
{
  "model": "sessions.session",
  "pk": "up06oc6hbj7pbmupqdb1qqq4363hgmg8",
  "fields": {
    "session_data": "MDEzYTg1NmQxZWRlYmRhMWNhNzk1ZWM1YWNhNDE3MDNlYmFiZTgyZTp7Il9hdXRoX3VzZXJfaWQiOiIzNiIsIl9hdXRoX3VzZXJfYmFja2VuZCI6ImRqYW5nby5jb250cmliLmF1dGguYmFja2VuZHMuTW9kZWxCYWNrZW5kIiwiX2F1dGhfdXNlcl9oYXNoIjoiNjc0Yzc3MGZiMDk1Yzg4ZmNkM2M0M2MzNjUzN2VhNWY2ODg0ODk3MiJ9",
    "expire_date": "2020-05-23T23:34:10.710Z"
  }
},
{
  "model": "sessions.session",
  "pk": "v0zyu2k3489omsz6vxz07lwoxhqgwzmz",
  "fields": {
    "session_data": "MTM3NjdhM2RhMzA5ZDcyMzJhMGJlZTllMjhhOWU3NzllYWJkNGUyYTp7Il9hdXRoX3VzZXJfaWQiOiIzNSIsIl9hdXRoX3VzZXJfYmFja2VuZCI6ImRqYW5nby5jb250cmliLmF1dGguYmFja2VuZHMuTW9kZWxCYWNrZW5kIiwiX2F1dGhfdXNlcl9oYXNoIjoiNzQ3MGNlMWY5OWRlYTZlMjE5OWQyYzQ0MDI3MzkyNjk3YjU0YTczNCJ9",
    "expire_date": "2020-05-23T13:14:07.623Z"
  }
},
{
  "model": "sessions.session",
  "pk": "vj1llte2i5nvq6x19akkkm0kt8iz69a0",
  "fields": {
    "session_data": "YzJlZDZkNzgyNDQ1N2EwNjQwYTNlOTZmZTdjMjgwZjllNjk5ZGYyOTp7Il9hdXRoX3VzZXJfaWQiOiIxIiwiX2F1dGhfdXNlcl9iYWNrZW5kIjoiZGphbmdvLmNvbnRyaWIuYXV0aC5iYWNrZW5kcy5Nb2RlbEJhY2tlbmQiLCJfYXV0aF91c2VyX2hhc2giOiI2N2Y3YjZiYTMyODM3ZWQ1YjdjMzJiYTk0MDcxNjNiODg3ZDYyM2I3In0=",
    "expire_date": "2020-05-23T14:50:33.235Z"
  }
},
{
  "model": "sessions.session",
  "pk": "wnu8c3f1iqaydn63bdjxvhpd65ynodeq",
  "fields": {
    "session_data": "MTM3NjdhM2RhMzA5ZDcyMzJhMGJlZTllMjhhOWU3NzllYWJkNGUyYTp7Il9hdXRoX3VzZXJfaWQiOiIzNSIsIl9hdXRoX3VzZXJfYmFja2VuZCI6ImRqYW5nby5jb250cmliLmF1dGguYmFja2VuZHMuTW9kZWxCYWNrZW5kIiwiX2F1dGhfdXNlcl9oYXNoIjoiNzQ3MGNlMWY5OWRlYTZlMjE5OWQyYzQ0MDI3MzkyNjk3YjU0YTczNCJ9",
    "expire_date": "2020-05-23T14:26:11.278Z"
  }
},
{
  "model": "sessions.session",
  "pk": "x276oe8qo03gu3g9mppebjahb7465181",
  "fields": {
    "session_data": "YTMxM2FkYzM0NTA3NzJiOGUwMzc1NTMwMzY4M2FhODNkYmQ3NDVmMjp7Il9hdXRoX3VzZXJfaWQiOiIzMSIsIl9hdXRoX3VzZXJfYmFja2VuZCI6ImRqYW5nby5jb250cmliLmF1dGguYmFja2VuZHMuTW9kZWxCYWNrZW5kIiwiX2F1dGhfdXNlcl9oYXNoIjoiNTQzMWZmNzczN2FlOWYwMmQwNmRmODJmMTA4NTVmOGRmYTBiMTE5MyJ9",
    "expire_date": "2020-05-21T15:48:44.865Z"
  }
},
{
  "model": "sessions.session",
  "pk": "xc7m4h8lmc7xveyxlcp5y1vtddgmg2vg",
  "fields": {
    "session_data": "MTM3NjdhM2RhMzA5ZDcyMzJhMGJlZTllMjhhOWU3NzllYWJkNGUyYTp7Il9hdXRoX3VzZXJfaWQiOiIzNSIsIl9hdXRoX3VzZXJfYmFja2VuZCI6ImRqYW5nby5jb250cmliLmF1dGguYmFja2VuZHMuTW9kZWxCYWNrZW5kIiwiX2F1dGhfdXNlcl9oYXNoIjoiNzQ3MGNlMWY5OWRlYTZlMjE5OWQyYzQ0MDI3MzkyNjk3YjU0YTczNCJ9",
    "expire_date": "2020-05-23T12:41:02.654Z"
  }
},
{
  "model": "sessions.session",
  "pk": "xlgvkob7txcpmkfc2ypu5gzc3vrm31ym",
  "fields": {
    "session_data": "MDEzYTg1NmQxZWRlYmRhMWNhNzk1ZWM1YWNhNDE3MDNlYmFiZTgyZTp7Il9hdXRoX3VzZXJfaWQiOiIzNiIsIl9hdXRoX3VzZXJfYmFja2VuZCI6ImRqYW5nby5jb250cmliLmF1dGguYmFja2VuZHMuTW9kZWxCYWNrZW5kIiwiX2F1dGhfdXNlcl9oYXNoIjoiNjc0Yzc3MGZiMDk1Yzg4ZmNkM2M0M2MzNjUzN2VhNWY2ODg0ODk3MiJ9",
    "expire_date": "2020-05-23T17:17:33.371Z"
  }
},
{
  "model": "sessions.session",
  "pk": "xt27fo0auy3kb2r263x6r79fc1tbf8g1",
  "fields": {
    "session_data": "YTMxM2FkYzM0NTA3NzJiOGUwMzc1NTMwMzY4M2FhODNkYmQ3NDVmMjp7Il9hdXRoX3VzZXJfaWQiOiIzMSIsIl9hdXRoX3VzZXJfYmFja2VuZCI6ImRqYW5nby5jb250cmliLmF1dGguYmFja2VuZHMuTW9kZWxCYWNrZW5kIiwiX2F1dGhfdXNlcl9oYXNoIjoiNTQzMWZmNzczN2FlOWYwMmQwNmRmODJmMTA4NTVmOGRmYTBiMTE5MyJ9",
    "expire_date": "2020-05-22T01:30:55.716Z"
  }
},
{
  "model": "sessions.session",
  "pk": "xwvevs0knqlsfvbrvd79is5q2d6kdjts",
  "fields": {
    "session_data": "NTAzNDUyMzU2NmUzNDk4YjBmNjE0M2U1ZjQ4NGM2YTQ4ZTA1MWQ0OTp7Il9hdXRoX3VzZXJfaWQiOiIzNCIsIl9hdXRoX3VzZXJfYmFja2VuZCI6ImRqYW5nby5jb250cmliLmF1dGguYmFja2VuZHMuTW9kZWxCYWNrZW5kIiwiX2F1dGhfdXNlcl9oYXNoIjoiNDk3ZjhiYjFlOGM4ZTU1YWI2YjRkYWIwYjU5NmUwNzhjM2JjNjRmZSJ9",
    "expire_date": "2020-05-22T20:06:01.610Z"
  }
},
{
  "model": "sessions.session",
  "pk": "xx02jike12492tp4eqvw5i6x6v5s5dt1",
  "fields": {
    "session_data": "MTM3NjdhM2RhMzA5ZDcyMzJhMGJlZTllMjhhOWU3NzllYWJkNGUyYTp7Il9hdXRoX3VzZXJfaWQiOiIzNSIsIl9hdXRoX3VzZXJfYmFja2VuZCI6ImRqYW5nby5jb250cmliLmF1dGguYmFja2VuZHMuTW9kZWxCYWNrZW5kIiwiX2F1dGhfdXNlcl9oYXNoIjoiNzQ3MGNlMWY5OWRlYTZlMjE5OWQyYzQ0MDI3MzkyNjk3YjU0YTczNCJ9",
    "expire_date": "2020-05-23T14:51:17.106Z"
  }
},
{
  "model": "sessions.session",
  "pk": "ye4n0azj578n5wdu70ify50v1my2isaj",
  "fields": {
    "session_data": "NTAzNDUyMzU2NmUzNDk4YjBmNjE0M2U1ZjQ4NGM2YTQ4ZTA1MWQ0OTp7Il9hdXRoX3VzZXJfaWQiOiIzNCIsIl9hdXRoX3VzZXJfYmFja2VuZCI6ImRqYW5nby5jb250cmliLmF1dGguYmFja2VuZHMuTW9kZWxCYWNrZW5kIiwiX2F1dGhfdXNlcl9oYXNoIjoiNDk3ZjhiYjFlOGM4ZTU1YWI2YjRkYWIwYjU5NmUwNzhjM2JjNjRmZSJ9",
    "expire_date": "2020-05-23T04:45:21.848Z"
  }
},
{
  "model": "sessions.session",
  "pk": "ygr8gz0av5n2ochv6j0ps33cj7l8uns0",
  "fields": {
    "session_data": "MDEzYTg1NmQxZWRlYmRhMWNhNzk1ZWM1YWNhNDE3MDNlYmFiZTgyZTp7Il9hdXRoX3VzZXJfaWQiOiIzNiIsIl9hdXRoX3VzZXJfYmFja2VuZCI6ImRqYW5nby5jb250cmliLmF1dGguYmFja2VuZHMuTW9kZWxCYWNrZW5kIiwiX2F1dGhfdXNlcl9oYXNoIjoiNjc0Yzc3MGZiMDk1Yzg4ZmNkM2M0M2MzNjUzN2VhNWY2ODg0ODk3MiJ9",
    "expire_date": "2020-05-23T17:41:44.910Z"
  }
},
{
  "model": "sessions.session",
  "pk": "yicik9g1pohqt7i1owher516d4rd6ip7",
  "fields": {
    "session_data": "YTMxM2FkYzM0NTA3NzJiOGUwMzc1NTMwMzY4M2FhODNkYmQ3NDVmMjp7Il9hdXRoX3VzZXJfaWQiOiIzMSIsIl9hdXRoX3VzZXJfYmFja2VuZCI6ImRqYW5nby5jb250cmliLmF1dGguYmFja2VuZHMuTW9kZWxCYWNrZW5kIiwiX2F1dGhfdXNlcl9oYXNoIjoiNTQzMWZmNzczN2FlOWYwMmQwNmRmODJmMTA4NTVmOGRmYTBiMTE5MyJ9",
    "expire_date": "2020-05-21T20:39:27.936Z"
  }
},
{
  "model": "sessions.session",
  "pk": "z5rd8xj0on0cuqr3qc8hn278axd0nx1o",
  "fields": {
    "session_data": "NTAzNDUyMzU2NmUzNDk4YjBmNjE0M2U1ZjQ4NGM2YTQ4ZTA1MWQ0OTp7Il9hdXRoX3VzZXJfaWQiOiIzNCIsIl9hdXRoX3VzZXJfYmFja2VuZCI6ImRqYW5nby5jb250cmliLmF1dGguYmFja2VuZHMuTW9kZWxCYWNrZW5kIiwiX2F1dGhfdXNlcl9oYXNoIjoiNDk3ZjhiYjFlOGM4ZTU1YWI2YjRkYWIwYjU5NmUwNzhjM2JjNjRmZSJ9",
    "expire_date": "2020-05-22T20:26:40.998Z"
  }
},
{
  "model": "sessions.session",
  "pk": "zt2oqs8p4lybic5du2glgatp6wnukies",
  "fields": {
    "session_data": "YzJlZDZkNzgyNDQ1N2EwNjQwYTNlOTZmZTdjMjgwZjllNjk5ZGYyOTp7Il9hdXRoX3VzZXJfaWQiOiIxIiwiX2F1dGhfdXNlcl9iYWNrZW5kIjoiZGphbmdvLmNvbnRyaWIuYXV0aC5iYWNrZW5kcy5Nb2RlbEJhY2tlbmQiLCJfYXV0aF91c2VyX2hhc2giOiI2N2Y3YjZiYTMyODM3ZWQ1YjdjMzJiYTk0MDcxNjNiODg3ZDYyM2I3In0=",
    "expire_date": "2020-05-21T17:54:33.124Z"
  }
},
{
  "model": "auth.permission",
  "pk": 1,
  "fields": {
    "name": "Can add transfer",
    "content_type": 1,
    "codename": "add_transfer"
  }
},
{
  "model": "auth.permission",
  "pk": 2,
  "fields": {
    "name": "Can change transfer",
    "content_type": 1,
    "codename": "change_transfer"
  }
},
{
  "model": "auth.permission",
  "pk": 3,
  "fields": {
    "name": "Can delete transfer",
    "content_type": 1,
    "codename": "delete_transfer"
  }
},
{
  "model": "auth.permission",
  "pk": 4,
  "fields": {
    "name": "Can view transfer",
    "content_type": 1,
    "codename": "view_transfer"
  }
},
{
  "model": "auth.permission",
  "pk": 5,
  "fields": {
    "name": "Can add transaction",
    "content_type": 2,
    "codename": "add_transaction"
  }
},
{
  "model": "auth.permission",
  "pk": 6,
  "fields": {
    "name": "Can change transaction",
    "content_type": 2,
    "codename": "change_transaction"
  }
},
{
  "model": "auth.permission",
  "pk": 7,
  "fields": {
    "name": "Can delete transaction",
    "content_type": 2,
    "codename": "delete_transaction"
  }
},
{
  "model": "auth.permission",
  "pk": 8,
  "fields": {
    "name": "Can view transaction",
    "content_type": 2,
    "codename": "view_transaction"
  }
},
{
  "model": "auth.permission",
  "pk": 9,
  "fields": {
    "name": "Can add account",
    "content_type": 3,
    "codename": "add_account"
  }
},
{
  "model": "auth.permission",
  "pk": 10,
  "fields": {
    "name": "Can change account",
    "content_type": 3,
    "codename": "change_account"
  }
},
{
  "model": "auth.permission",
  "pk": 11,
  "fields": {
    "name": "Can delete account",
    "content_type": 3,
    "codename": "delete_account"
  }
},
{
  "model": "auth.permission",
  "pk": 12,
  "fields": {
    "name": "Can view account",
    "content_type": 3,
    "codename": "view_account"
  }
},
{
  "model": "auth.permission",
  "pk": 13,
  "fields": {
    "name": "Can add account balance",
    "content_type": 4,
    "codename": "add_accountbalance"
  }
},
{
  "model": "auth.permission",
  "pk": 14,
  "fields": {
    "name": "Can change account balance",
    "content_type": 4,
    "codename": "change_accountbalance"
  }
},
{
  "model": "auth.permission",
  "pk": 15,
  "fields": {
    "name": "Can delete account balance",
    "content_type": 4,
    "codename": "delete_accountbalance"
  }
},
{
  "model": "auth.permission",
  "pk": 16,
  "fields": {
    "name": "Can view account balance",
    "content_type": 4,
    "codename": "view_accountbalance"
  }
},
{
  "model": "auth.permission",
  "pk": 17,
  "fields": {
    "name": "Can add category",
    "content_type": 5,
    "codename": "add_category"
  }
},
{
  "model": "auth.permission",
  "pk": 18,
  "fields": {
    "name": "Can change category",
    "content_type": 5,
    "codename": "change_category"
  }
},
{
  "model": "auth.permission",
  "pk": 19,
  "fields": {
    "name": "Can delete category",
    "content_type": 5,
    "codename": "delete_category"
  }
},
{
  "model": "auth.permission",
  "pk": 20,
  "fields": {
    "name": "Can view category",
    "content_type": 5,
    "codename": "view_category"
  }
},
{
  "model": "auth.permission",
  "pk": 21,
  "fields": {
    "name": "Can add budget tracker",
    "content_type": 6,
    "codename": "add_budgettracker"
  }
},
{
  "model": "auth.permission",
  "pk": 22,
  "fields": {
    "name": "Can change budget tracker",
    "content_type": 6,
    "codename": "change_budgettracker"
  }
},
{
  "model": "auth.permission",
  "pk": 23,
  "fields": {
    "name": "Can delete budget tracker",
    "content_type": 6,
    "codename": "delete_budgettracker"
  }
},
{
  "model": "auth.permission",
  "pk": 24,
  "fields": {
    "name": "Can view budget tracker",
    "content_type": 6,
    "codename": "view_budgettracker"
  }
},
{
  "model": "auth.permission",
  "pk": 25,
  "fields": {
    "name": "Can add log entry",
    "content_type": 7,
    "codename": "add_logentry"
  }
},
{
  "model": "auth.permission",
  "pk": 26,
  "fields": {
    "name": "Can change log entry",
    "content_type": 7,
    "codename": "change_logentry"
  }
},
{
  "model": "auth.permission",
  "pk": 27,
  "fields": {
    "name": "Can delete log entry",
    "content_type": 7,
    "codename": "delete_logentry"
  }
},
{
  "model": "auth.permission",
  "pk": 28,
  "fields": {
    "name": "Can view log entry",
    "content_type": 7,
    "codename": "view_logentry"
  }
},
{
  "model": "auth.permission",
  "pk": 29,
  "fields": {
    "name": "Can add permission",
    "content_type": 8,
    "codename": "add_permission"
  }
},
{
  "model": "auth.permission",
  "pk": 30,
  "fields": {
    "name": "Can change permission",
    "content_type": 8,
    "codename": "change_permission"
  }
},
{
  "model": "auth.permission",
  "pk": 31,
  "fields": {
    "name": "Can delete permission",
    "content_type": 8,
    "codename": "delete_permission"
  }
},
{
  "model": "auth.permission",
  "pk": 32,
  "fields": {
    "name": "Can view permission",
    "content_type": 8,
    "codename": "view_permission"
  }
},
{
  "model": "auth.permission",
  "pk": 33,
  "fields": {
    "name": "Can add group",
    "content_type": 9,
    "codename": "add_group"
  }
},
{
  "model": "auth.permission",
  "pk": 34,
  "fields": {
    "name": "Can change group",
    "content_type": 9,
    "codename": "change_group"
  }
},
{
  "model": "auth.permission",
  "pk": 35,
  "fields": {
    "name": "Can delete group",
    "content_type": 9,
    "codename": "delete_group"
  }
},
{
  "model": "auth.permission",
  "pk": 36,
  "fields": {
    "name": "Can view group",
    "content_type": 9,
    "codename": "view_group"
  }
},
{
  "model": "auth.permission",
  "pk": 37,
  "fields": {
    "name": "Can add user",
    "content_type": 10,
    "codename": "add_user"
  }
},
{
  "model": "auth.permission",
  "pk": 38,
  "fields": {
    "name": "Can change user",
    "content_type": 10,
    "codename": "change_user"
  }
},
{
  "model": "auth.permission",
  "pk": 39,
  "fields": {
    "name": "Can delete user",
    "content_type": 10,
    "codename": "delete_user"
  }
},
{
  "model": "auth.permission",
  "pk": 40,
  "fields": {
    "name": "Can view user",
    "content_type": 10,
    "codename": "view_user"
  }
},
{
  "model": "auth.permission",
  "pk": 41,
  "fields": {
    "name": "Can add content type",
    "content_type": 11,
    "codename": "add_contenttype"
  }
},
{
  "model": "auth.permission",
  "pk": 42,
  "fields": {
    "name": "Can change content type",
    "content_type": 11,
    "codename": "change_contenttype"
  }
},
{
  "model": "auth.permission",
  "pk": 43,
  "fields": {
    "name": "Can delete content type",
    "content_type": 11,
    "codename": "delete_contenttype"
  }
},
{
  "model": "auth.permission",
  "pk": 44,
  "fields": {
    "name": "Can view content type",
    "content_type": 11,
    "codename": "view_contenttype"
  }
},
{
  "model": "auth.permission",
  "pk": 45,
  "fields": {
    "name": "Can add session",
    "content_type": 12,
    "codename": "add_session"
  }
},
{
  "model": "auth.permission",
  "pk": 46,
  "fields": {
    "name": "Can change session",
    "content_type": 12,
    "codename": "change_session"
  }
},
{
  "model": "auth.permission",
  "pk": 47,
  "fields": {
    "name": "Can delete session",
    "content_type": 12,
    "codename": "delete_session"
  }
},
{
  "model": "auth.permission",
  "pk": 48,
  "fields": {
    "name": "Can view session",
    "content_type": 12,
    "codename": "view_session"
  }
},
{
  "model": "auth.permission",
  "pk": 49,
  "fields": {
    "name": "Can add budget left",
    "content_type": 13,
    "codename": "add_budgetleft"
  }
},
{
  "model": "auth.permission",
  "pk": 50,
  "fields": {
    "name": "Can change budget left",
    "content_type": 13,
    "codename": "change_budgetleft"
  }
},
{
  "model": "auth.permission",
  "pk": 51,
  "fields": {
    "name": "Can delete budget left",
    "content_type": 13,
    "codename": "delete_budgetleft"
  }
},
{
  "model": "auth.permission",
  "pk": 52,
  "fields": {
    "name": "Can view budget left",
    "content_type": 13,
    "codename": "view_budgetleft"
  }
},
{
  "model": "auth.user",
  "pk": 1,
  "fields": {
    "password": "pbkdf2_sha256$180000$7Nge9SiNcEW3$QZBkAQTfnuwGy0HiMjMj0rq1JyOiEv/BNibXntxt8po=",
    "last_login": "2020-05-23T17:25:20.804Z",
    "is_superuser": true,
    "username": "admin",
    "first_name": "",
    "last_name": "",
    "email": "neel.maheshwari@gmail.com",
    "is_staff": true,
    "is_active": true,
    "date_joined": "2020-05-13T16:15:41.345Z",
    "groups": [],
    "user_permissions": []
  }
},
{
  "model": "auth.user",
  "pk": 33,
  "fields": {
    "password": "pbkdf2_sha256$180000$vKEgL4xdE0gU$TWWowpyztS4KFlAT6mYIZpvjhEJTW50N+KRSOc1wIUU=",
    "last_login": "2020-05-22T02:11:00.146Z",
    "is_superuser": false,
    "username": "NeelSecond",
    "first_name": "",
    "last_name": "",
    "email": "neel.maheshwari@gmail.com",
    "is_staff": false,
    "is_active": true,
    "date_joined": "2020-05-22T01:35:02.589Z",
    "groups": [],
    "user_permissions": []
  }
},
{
  "model": "auth.user",
  "pk": 34,
  "fields": {
    "password": "pbkdf2_sha256$180000$KgK0IQKhEWGX$TfvjkdxdEKgxRRqzoo/pXnMVmVCyFV8bmM4LYjvtJEU=",
    "last_login": "2020-05-23T04:52:21.114Z",
    "is_superuser": false,
    "username": "NeelThird",
    "first_name": "",
    "last_name": "",
    "email": "neel.maheshwari@gmail.com",
    "is_staff": false,
    "is_active": true,
    "date_joined": "2020-05-22T02:19:51.287Z",
    "groups": [],
    "user_permissions": []
  }
},
{
  "model": "auth.user",
  "pk": 35,
  "fields": {
    "password": "pbkdf2_sha256$180000$bMIa2YA9TTn5$UEK3RvKHxk7VdobdwjTAdieOho11dkFJQn7AduLWwRQ=",
    "last_login": "2020-05-23T14:51:24.134Z",
    "is_superuser": false,
    "username": "test",
    "first_name": "",
    "last_name": "",
    "email": "neel.maheshwari@gmail.com",
    "is_staff": false,
    "is_active": true,
    "date_joined": "2020-05-23T11:49:50.599Z",
    "groups": [],
    "user_permissions": []
  }
},
{
  "model": "auth.user",
  "pk": 36,
  "fields": {
    "password": "pbkdf2_sha256$180000$aCk3rUJls2Yl$6rILz/hthv7cg/JtgxXnkxRNOBARGauLSPYLlcFsk3w=",
    "last_login": "2020-05-24T01:46:57.890Z",
    "is_superuser": false,
    "username": "Familybudget",
    "first_name": "",
    "last_name": "",
    "email": "neel.maheshwari@gmail.com",
    "is_staff": false,
    "is_active": true,
    "date_joined": "2020-05-23T16:45:16.850Z",
    "groups": [],
    "user_permissions": []
  }
},
{
  "model": "admin.logentry",
  "pk": 1,
  "fields": {
    "action_time": "2020-05-13T16:24:29.403Z",
    "user": 1,
    "content_type": 3,
    "object_id": "1",
    "object_repr": "Westjet",
    "action_flag": 3,
    "change_message": ""
  }
},
{
  "model": "admin.logentry",
  "pk": 2,
  "fields": {
    "action_time": "2020-05-13T16:27:20.035Z",
    "user": 1,
    "content_type": 3,
    "object_id": "3",
    "object_repr": "Neel",
    "action_flag": 3,
    "change_message": ""
  }
},
{
  "model": "admin.logentry",
  "pk": 3,
  "fields": {
    "action_time": "2020-05-13T16:27:20.037Z",
    "user": 1,
    "content_type": 3,
    "object_id": "2",
    "object_repr": "Westjet",
    "action_flag": 3,
    "change_message": ""
  }
},
{
  "model": "admin.logentry",
  "pk": 4,
  "fields": {
    "action_time": "2020-05-13T16:30:39.256Z",
    "user": 1,
    "content_type": 2,
    "object_id": "2",
    "object_repr": "Amazon  Priya birthday  -22.99 2020-05-12 Gifts Westjet",
    "action_flag": 3,
    "change_message": ""
  }
},
{
  "model": "admin.logentry",
  "pk": 5,
  "fields": {
    "action_time": "2020-05-13T16:32:56.223Z",
    "user": 1,
    "content_type": 2,
    "object_id": "3",
    "object_repr": "Amazon  Priya birthday  -22.99 2020-05-12 Gifts Westjet",
    "action_flag": 3,
    "change_message": ""
  }
},
{
  "model": "admin.logentry",
  "pk": 6,
  "fields": {
    "action_time": "2020-05-13T16:33:10.836Z",
    "user": 1,
    "content_type": 4,
    "object_id": "4",
    "object_repr": "Westjet -2919.86 2020-05-12 00:00:00-04:00",
    "action_flag": 2,
    "change_message": "[{\"changed\": {\"fields\": [\"Balance\"]}}]"
  }
},
{
  "model": "admin.logentry",
  "pk": 7,
  "fields": {
    "action_time": "2020-05-13T16:34:49.675Z",
    "user": 1,
    "content_type": 4,
    "object_id": "5",
    "object_repr": "Westjet -3019.86 2020-05-12 04:00:00+00:00",
    "action_flag": 3,
    "change_message": ""
  }
},
{
  "model": "admin.logentry",
  "pk": 8,
  "fields": {
    "action_time": "2020-05-13T16:34:57.191Z",
    "user": 1,
    "content_type": 4,
    "object_id": "4",
    "object_repr": "Westjet -2919.86 2020-05-12 00:00:00-04:00",
    "action_flag": 2,
    "change_message": "[{\"changed\": {\"fields\": [\"Balance\"]}}]"
  }
},
{
  "model": "admin.logentry",
  "pk": 9,
  "fields": {
    "action_time": "2020-05-13T16:35:11.919Z",
    "user": 1,
    "content_type": 2,
    "object_id": "4",
    "object_repr": "Amazon  Priya birthday  -50.0 2020-05-12 Gifts Westjet",
    "action_flag": 3,
    "change_message": ""
  }
},
{
  "model": "admin.logentry",
  "pk": 10,
  "fields": {
    "action_time": "2020-05-13T17:12:45.411Z",
    "user": 1,
    "content_type": 6,
    "object_id": "2",
    "object_repr": "2020-06-01  Gifts  200.0 2 ",
    "action_flag": 2,
    "change_message": "[{\"changed\": {\"fields\": [\"Budget amount\"]}}]"
  }
},
{
  "model": "admin.logentry",
  "pk": 11,
  "fields": {
    "action_time": "2020-05-13T17:13:37.941Z",
    "user": 1,
    "content_type": 3,
    "object_id": "4",
    "object_repr": "Westjet",
    "action_flag": 3,
    "change_message": ""
  }
},
{
  "model": "admin.logentry",
  "pk": 12,
  "fields": {
    "action_time": "2020-05-13T17:15:39.031Z",
    "user": 1,
    "content_type": 4,
    "object_id": "8",
    "object_repr": "Westjet -2942.85 2020-05-12 04:00:00+00:00",
    "action_flag": 3,
    "change_message": ""
  }
},
{
  "model": "admin.logentry",
  "pk": 13,
  "fields": {
    "action_time": "2020-05-13T17:15:47.817Z",
    "user": 1,
    "content_type": 2,
    "object_id": "7",
    "object_repr": "Amazon  Priya birthday  -22.99 2020-05-12 Gifts Westjet",
    "action_flag": 3,
    "change_message": ""
  }
},
{
  "model": "admin.logentry",
  "pk": 14,
  "fields": {
    "action_time": "2020-05-13T17:16:44.285Z",
    "user": 1,
    "content_type": 4,
    "object_id": "9",
    "object_repr": "Westjet -2965.8399999999997 2020-05-12 04:00:00+00:00",
    "action_flag": 3,
    "change_message": ""
  }
},
{
  "model": "admin.logentry",
  "pk": 15,
  "fields": {
    "action_time": "2020-05-13T17:16:53.277Z",
    "user": 1,
    "content_type": 2,
    "object_id": "8",
    "object_repr": "Amazon  Priya birthday  -22.99 2020-05-12 Gifts Westjet",
    "action_flag": 3,
    "change_message": ""
  }
},
{
  "model": "admin.logentry",
  "pk": 16,
  "fields": {
    "action_time": "2020-05-13T17:23:37.413Z",
    "user": 1,
    "content_type": 4,
    "object_id": "10",
    "object_repr": "Westjet -2965.8399999999997 2020-05-12 04:00:00+00:00",
    "action_flag": 3,
    "change_message": ""
  }
},
{
  "model": "admin.logentry",
  "pk": 17,
  "fields": {
    "action_time": "2020-05-13T17:23:46.115Z",
    "user": 1,
    "content_type": 2,
    "object_id": "9",
    "object_repr": "Amazon  Priya birthday  -22.99 2020-05-12 Gifts Westjet",
    "action_flag": 3,
    "change_message": ""
  }
},
{
  "model": "admin.logentry",
  "pk": 18,
  "fields": {
    "action_time": "2020-05-13T17:23:57.212Z",
    "user": 1,
    "content_type": 6,
    "object_id": "2",
    "object_repr": "2020-06-01  Gifts  200.0 2 ",
    "action_flag": 2,
    "change_message": "[{\"changed\": {\"fields\": [\"Budget amount\"]}}]"
  }
},
{
  "model": "admin.logentry",
  "pk": 19,
  "fields": {
    "action_time": "2020-05-13T17:24:11.627Z",
    "user": 1,
    "content_type": 4,
    "object_id": "7",
    "object_repr": "Westjet -2919.86 2020-05-12 00:00:00-04:00",
    "action_flag": 2,
    "change_message": "[{\"changed\": {\"fields\": [\"Balance\"]}}]"
  }
},
{
  "model": "admin.logentry",
  "pk": 20,
  "fields": {
    "action_time": "2020-05-13T17:35:13.046Z",
    "user": 1,
    "content_type": 4,
    "object_id": "11",
    "object_repr": "Westjet -2942.85 2020-05-12 04:00:00+00:00",
    "action_flag": 3,
    "change_message": ""
  }
},
{
  "model": "admin.logentry",
  "pk": 21,
  "fields": {
    "action_time": "2020-05-13T17:35:21.501Z",
    "user": 1,
    "content_type": 2,
    "object_id": "10",
    "object_repr": "Amazon  Priya birthday  -22.99 2020-05-12 Gifts Westjet",
    "action_flag": 3,
    "change_message": ""
  }
},
{
  "model": "admin.logentry",
  "pk": 22,
  "fields": {
    "action_time": "2020-05-13T17:37:54.748Z",
    "user": 1,
    "content_type": 4,
    "object_id": "12",
    "object_repr": "Westjet -2942.85 2020-05-12 04:00:00+00:00",
    "action_flag": 3,
    "change_message": ""
  }
},
{
  "model": "admin.logentry",
  "pk": 23,
  "fields": {
    "action_time": "2020-05-13T17:38:12.278Z",
    "user": 1,
    "content_type": 2,
    "object_id": "11",
    "object_repr": "Amazon  test  -22.99 2020-05-12 Gifts Westjet",
    "action_flag": 3,
    "change_message": ""
  }
},
{
  "model": "admin.logentry",
  "pk": 24,
  "fields": {
    "action_time": "2020-05-13T17:42:58.015Z",
    "user": 1,
    "content_type": 3,
    "object_id": "5",
    "object_repr": "Westjet",
    "action_flag": 3,
    "change_message": ""
  }
},
{
  "model": "admin.logentry",
  "pk": 25,
  "fields": {
    "action_time": "2020-05-13T17:48:26.006Z",
    "user": 1,
    "content_type": 3,
    "object_id": "7",
    "object_repr": "Westjet",
    "action_flag": 3,
    "change_message": ""
  }
},
{
  "model": "admin.logentry",
  "pk": 26,
  "fields": {
    "action_time": "2020-05-13T17:48:26.008Z",
    "user": 1,
    "content_type": 3,
    "object_id": "6",
    "object_repr": "Westjet",
    "action_flag": 3,
    "change_message": ""
  }
},
{
  "model": "admin.logentry",
  "pk": 27,
  "fields": {
    "action_time": "2020-05-13T17:51:22.984Z",
    "user": 1,
    "content_type": 2,
    "object_id": "17",
    "object_repr": "Amazon  Priya birthday  -22.99 2020-05-12 Gifts Westjet",
    "action_flag": 3,
    "change_message": ""
  }
},
{
  "model": "admin.logentry",
  "pk": 28,
  "fields": {
    "action_time": "2020-05-13T18:51:49.882Z",
    "user": 1,
    "content_type": 2,
    "object_id": "24",
    "object_repr": "Amazon  Priya birthday  -22.99 2020-05-12 Gifts Westjet",
    "action_flag": 3,
    "change_message": ""
  }
},
{
  "model": "admin.logentry",
  "pk": 29,
  "fields": {
    "action_time": "2020-05-13T18:51:49.885Z",
    "user": 1,
    "content_type": 2,
    "object_id": "23",
    "object_repr": "Amazon  Priya birthday  -22.99 2020-05-12 Gifts Westjet",
    "action_flag": 3,
    "change_message": ""
  }
},
{
  "model": "admin.logentry",
  "pk": 30,
  "fields": {
    "action_time": "2020-05-13T18:51:49.888Z",
    "user": 1,
    "content_type": 2,
    "object_id": "22",
    "object_repr": "Amazon  Priya birthday  -22.99 2020-05-12 Gifts Westjet",
    "action_flag": 3,
    "change_message": ""
  }
},
{
  "model": "admin.logentry",
  "pk": 31,
  "fields": {
    "action_time": "2020-05-13T18:51:49.889Z",
    "user": 1,
    "content_type": 2,
    "object_id": "21",
    "object_repr": "Amazon  Priya birthday  -22.99 2020-05-12 Gifts Westjet",
    "action_flag": 3,
    "change_message": ""
  }
},
{
  "model": "admin.logentry",
  "pk": 32,
  "fields": {
    "action_time": "2020-05-13T18:51:49.891Z",
    "user": 1,
    "content_type": 2,
    "object_id": "20",
    "object_repr": "Amazon  Priya birthday  -22.99 2020-05-12 Gifts Westjet",
    "action_flag": 3,
    "change_message": ""
  }
},
{
  "model": "admin.logentry",
  "pk": 33,
  "fields": {
    "action_time": "2020-05-13T18:51:49.893Z",
    "user": 1,
    "content_type": 2,
    "object_id": "19",
    "object_repr": "Amazon  Priya birthday  -22.99 2020-05-12 Gifts Westjet",
    "action_flag": 3,
    "change_message": ""
  }
},
{
  "model": "admin.logentry",
  "pk": 34,
  "fields": {
    "action_time": "2020-05-13T18:51:49.895Z",
    "user": 1,
    "content_type": 2,
    "object_id": "18",
    "object_repr": "Amazon  Priya birthday  -22.99 2020-05-12 Gifts Westjet",
    "action_flag": 3,
    "change_message": ""
  }
},
{
  "model": "admin.logentry",
  "pk": 35,
  "fields": {
    "action_time": "2020-05-13T18:52:02.376Z",
    "user": 1,
    "content_type": 4,
    "object_id": "19",
    "object_repr": "Westjet -2942.85 2020-05-12 04:00:00+00:00",
    "action_flag": 3,
    "change_message": ""
  }
},
{
  "model": "admin.logentry",
  "pk": 36,
  "fields": {
    "action_time": "2020-05-13T18:52:02.379Z",
    "user": 1,
    "content_type": 4,
    "object_id": "18",
    "object_repr": "Westjet -2942.85 2020-05-12 04:00:00+00:00",
    "action_flag": 3,
    "change_message": ""
  }
},
{
  "model": "admin.logentry",
  "pk": 37,
  "fields": {
    "action_time": "2020-05-13T18:52:02.380Z",
    "user": 1,
    "content_type": 4,
    "object_id": "17",
    "object_repr": "Westjet -2942.85 2020-05-12 04:00:00+00:00",
    "action_flag": 3,
    "change_message": ""
  }
},
{
  "model": "admin.logentry",
  "pk": 38,
  "fields": {
    "action_time": "2020-05-13T18:53:44.862Z",
    "user": 1,
    "content_type": 2,
    "object_id": "25",
    "object_repr": "Amazon  Priya birthday  -22.99 2020-05-12 Gifts Westjet",
    "action_flag": 3,
    "change_message": ""
  }
},
{
  "model": "admin.logentry",
  "pk": 39,
  "fields": {
    "action_time": "2020-05-13T19:01:03.720Z",
    "user": 1,
    "content_type": 2,
    "object_id": "30",
    "object_repr": "Amazon  Priya birthday  -22.0 2020-05-12 Gifts Westjet",
    "action_flag": 3,
    "change_message": ""
  }
},
{
  "model": "admin.logentry",
  "pk": 40,
  "fields": {
    "action_time": "2020-05-13T19:01:03.722Z",
    "user": 1,
    "content_type": 2,
    "object_id": "29",
    "object_repr": "Amazon  Priya birthday  -23.0 2020-05-12 Gifts Westjet",
    "action_flag": 3,
    "change_message": ""
  }
},
{
  "model": "admin.logentry",
  "pk": 41,
  "fields": {
    "action_time": "2020-05-13T19:01:03.724Z",
    "user": 1,
    "content_type": 2,
    "object_id": "28",
    "object_repr": "Amazon  Priya birthday  -22.99 2020-05-12 Gifts Westjet",
    "action_flag": 3,
    "change_message": ""
  }
},
{
  "model": "admin.logentry",
  "pk": 42,
  "fields": {
    "action_time": "2020-05-13T19:01:03.726Z",
    "user": 1,
    "content_type": 2,
    "object_id": "27",
    "object_repr": "Amazon  Priya birthday  -22.99 2020-05-12 Gifts Westjet",
    "action_flag": 3,
    "change_message": ""
  }
},
{
  "model": "admin.logentry",
  "pk": 43,
  "fields": {
    "action_time": "2020-05-13T19:01:03.727Z",
    "user": 1,
    "content_type": 2,
    "object_id": "26",
    "object_repr": "Amazon  Priya birthday  -22.99 2020-05-12 Gifts Westjet",
    "action_flag": 3,
    "change_message": ""
  }
},
{
  "model": "admin.logentry",
  "pk": 44,
  "fields": {
    "action_time": "2020-05-13T19:01:18.363Z",
    "user": 1,
    "content_type": 4,
    "object_id": "16",
    "object_repr": "Westjet -2919.86 2020-05-12 00:00:00-04:00",
    "action_flag": 2,
    "change_message": "[{\"changed\": {\"fields\": [\"Balance\"]}}]"
  }
},
{
  "model": "admin.logentry",
  "pk": 45,
  "fields": {
    "action_time": "2020-05-13T19:28:07.318Z",
    "user": 1,
    "content_type": 3,
    "object_id": "8",
    "object_repr": "Westjet",
    "action_flag": 3,
    "change_message": ""
  }
},
{
  "model": "admin.logentry",
  "pk": 46,
  "fields": {
    "action_time": "2020-05-13T19:28:20.474Z",
    "user": 1,
    "content_type": 6,
    "object_id": "2",
    "object_repr": "2020-06-01  Gifts  137.01 2 ",
    "action_flag": 3,
    "change_message": ""
  }
},
{
  "model": "admin.logentry",
  "pk": 47,
  "fields": {
    "action_time": "2020-05-13T19:28:20.476Z",
    "user": 1,
    "content_type": 6,
    "object_id": "1",
    "object_repr": "2020-05-01  Gifts  200.0 1 ",
    "action_flag": 3,
    "change_message": ""
  }
},
{
  "model": "admin.logentry",
  "pk": 48,
  "fields": {
    "action_time": "2020-05-13T19:43:05.180Z",
    "user": 1,
    "content_type": 3,
    "object_id": "9",
    "object_repr": "Westjet",
    "action_flag": 2,
    "change_message": "[{\"changed\": {\"fields\": [\"Initial balance\"]}}]"
  }
},
{
  "model": "admin.logentry",
  "pk": 49,
  "fields": {
    "action_time": "2020-05-13T19:43:13.149Z",
    "user": 1,
    "content_type": 4,
    "object_id": "21",
    "object_repr": "Westjet -2942.85 2020-05-13 00:00:00-04:00",
    "action_flag": 2,
    "change_message": "[{\"changed\": {\"fields\": [\"Balance\"]}}]"
  }
},
{
  "model": "admin.logentry",
  "pk": 50,
  "fields": {
    "action_time": "2020-05-13T19:52:10.072Z",
    "user": 1,
    "content_type": 2,
    "object_id": "33",
    "object_repr": "Westjet  initial  -2942.85 2020-05-13 Initial Balance Westjet",
    "action_flag": 2,
    "change_message": "[{\"changed\": {\"fields\": [\"Amount\"]}}]"
  }
},
{
  "model": "admin.logentry",
  "pk": 51,
  "fields": {
    "action_time": "2020-05-14T18:46:40.777Z",
    "user": 1,
    "content_type": 2,
    "object_id": "40",
    "object_repr": "Teksavvy  home phone  -11.24 2020-05-12 Phone Westjet",
    "action_flag": 3,
    "change_message": ""
  }
},
{
  "model": "admin.logentry",
  "pk": 52,
  "fields": {
    "action_time": "2020-05-14T19:11:38.037Z",
    "user": 1,
    "content_type": 1,
    "object_id": "1",
    "object_repr": "2954.09  2020-05-14  Westjet RBC Chequing ",
    "action_flag": 3,
    "change_message": ""
  }
},
{
  "model": "admin.logentry",
  "pk": 53,
  "fields": {
    "action_time": "2020-05-14T19:14:19.863Z",
    "user": 1,
    "content_type": 1,
    "object_id": "2",
    "object_repr": "2954.09  2020-05-14  Westjet RBC Chequing ",
    "action_flag": 3,
    "change_message": ""
  }
},
{
  "model": "admin.logentry",
  "pk": 54,
  "fields": {
    "action_time": "2020-05-15T20:52:07.438Z",
    "user": 1,
    "content_type": 6,
    "object_id": "61",
    "object_repr": "2020-05-15  Groceries  700.0 61 ",
    "action_flag": 3,
    "change_message": ""
  }
},
{
  "model": "admin.logentry",
  "pk": 55,
  "fields": {
    "action_time": "2020-05-19T14:48:49.769Z",
    "user": 1,
    "content_type": 10,
    "object_id": "2",
    "object_repr": "Sloshpit",
    "action_flag": 3,
    "change_message": ""
  }
},
{
  "model": "admin.logentry",
  "pk": 56,
  "fields": {
    "action_time": "2020-05-19T14:49:53.964Z",
    "user": 1,
    "content_type": 10,
    "object_id": "3",
    "object_repr": "Sloshpit",
    "action_flag": 3,
    "change_message": ""
  }
},
{
  "model": "admin.logentry",
  "pk": 57,
  "fields": {
    "action_time": "2020-05-20T02:10:43.795Z",
    "user": 1,
    "content_type": 10,
    "object_id": "4",
    "object_repr": "testing",
    "action_flag": 3,
    "change_message": ""
  }
},
{
  "model": "admin.logentry",
  "pk": 58,
  "fields": {
    "action_time": "2020-05-20T15:24:47.239Z",
    "user": 1,
    "content_type": 2,
    "object_id": "55",
    "object_repr": "Costco  Food  -75.19 2020-05-19 Groceries RBC Chequing",
    "action_flag": 3,
    "change_message": ""
  }
},
{
  "model": "admin.logentry",
  "pk": 59,
  "fields": {
    "action_time": "2020-05-20T15:32:08.570Z",
    "user": 1,
    "content_type": 2,
    "object_id": "56",
    "object_repr": "Costco  Food  -75.14 2020-05-19 Groceries RBC Chequing",
    "action_flag": 3,
    "change_message": ""
  }
},
{
  "model": "admin.logentry",
  "pk": 60,
  "fields": {
    "action_time": "2020-05-20T15:33:50.009Z",
    "user": 1,
    "content_type": 2,
    "object_id": "57",
    "object_repr": "Costco  food  -75.14 2020-05-19 Groceries RBC Chequing",
    "action_flag": 3,
    "change_message": ""
  }
},
{
  "model": "admin.logentry",
  "pk": 61,
  "fields": {
    "action_time": "2020-05-20T15:34:55.825Z",
    "user": 1,
    "content_type": 2,
    "object_id": "58",
    "object_repr": "Costco  food  -75.14 2020-05-20 Groceries RBC Chequing",
    "action_flag": 3,
    "change_message": ""
  }
},
{
  "model": "admin.logentry",
  "pk": 62,
  "fields": {
    "action_time": "2020-05-20T15:36:03.583Z",
    "user": 1,
    "content_type": 2,
    "object_id": "59",
    "object_repr": "Costco  food  -75.14 2020-05-20 Groceries RBC Chequing",
    "action_flag": 3,
    "change_message": ""
  }
},
{
  "model": "admin.logentry",
  "pk": 63,
  "fields": {
    "action_time": "2020-05-20T15:36:51.257Z",
    "user": 1,
    "content_type": 2,
    "object_id": "60",
    "object_repr": "Costco  food  -75.14 2020-05-20 Groceries RBC Chequing",
    "action_flag": 3,
    "change_message": ""
  }
},
{
  "model": "admin.logentry",
  "pk": 64,
  "fields": {
    "action_time": "2020-05-20T15:39:13.767Z",
    "user": 1,
    "content_type": 2,
    "object_id": "61",
    "object_repr": "Costco  food  -75.14 2020-05-20 Groceries RBC Chequing",
    "action_flag": 3,
    "change_message": ""
  }
},
{
  "model": "admin.logentry",
  "pk": 65,
  "fields": {
    "action_time": "2020-05-20T15:41:50.412Z",
    "user": 1,
    "content_type": 2,
    "object_id": "62",
    "object_repr": "Costco  food  -75.14 2020-05-20 Groceries RBC Chequing",
    "action_flag": 3,
    "change_message": ""
  }
},
{
  "model": "admin.logentry",
  "pk": 66,
  "fields": {
    "action_time": "2020-05-20T15:42:29.430Z",
    "user": 1,
    "content_type": 2,
    "object_id": "63",
    "object_repr": "Costco  food  -75.14 2020-05-20 Groceries RBC Chequing",
    "action_flag": 3,
    "change_message": ""
  }
},
{
  "model": "admin.logentry",
  "pk": 67,
  "fields": {
    "action_time": "2020-05-20T15:47:09.290Z",
    "user": 1,
    "content_type": 2,
    "object_id": "64",
    "object_repr": "Costco  food  -75.14 2020-05-20 Groceries RBC Chequing",
    "action_flag": 3,
    "change_message": ""
  }
},
{
  "model": "admin.logentry",
  "pk": 68,
  "fields": {
    "action_time": "2020-05-20T15:49:02.430Z",
    "user": 1,
    "content_type": 2,
    "object_id": "65",
    "object_repr": "Costco  food  -75.14 2020-05-20 Groceries RBC Chequing",
    "action_flag": 3,
    "change_message": ""
  }
},
{
  "model": "admin.logentry",
  "pk": 69,
  "fields": {
    "action_time": "2020-05-20T15:49:38.723Z",
    "user": 1,
    "content_type": 2,
    "object_id": "66",
    "object_repr": "Costco  food  -75.14 2020-05-20 Groceries RBC Chequing",
    "action_flag": 3,
    "change_message": ""
  }
},
{
  "model": "admin.logentry",
  "pk": 70,
  "fields": {
    "action_time": "2020-05-20T15:50:49.172Z",
    "user": 1,
    "content_type": 2,
    "object_id": "67",
    "object_repr": "Costco  food  -75.14 2020-05-20 Groceries RBC Chequing",
    "action_flag": 3,
    "change_message": ""
  }
},
{
  "model": "admin.logentry",
  "pk": 71,
  "fields": {
    "action_time": "2020-05-20T15:57:53.860Z",
    "user": 1,
    "content_type": 4,
    "object_id": "37",
    "object_repr": "RBC Chequing 4810.369999999998 2020-05-18 04:00:00+00:00",
    "action_flag": 3,
    "change_message": ""
  }
},
{
  "model": "admin.logentry",
  "pk": 72,
  "fields": {
    "action_time": "2020-05-20T15:57:53.862Z",
    "user": 1,
    "content_type": 4,
    "object_id": "29",
    "object_repr": "RBC Chequing 4810.369999999998 2020-05-14 04:00:00+00:00",
    "action_flag": 3,
    "change_message": ""
  }
},
{
  "model": "admin.logentry",
  "pk": 73,
  "fields": {
    "action_time": "2020-05-20T15:58:16.124Z",
    "user": 1,
    "content_type": 4,
    "object_id": "40",
    "object_repr": "RBC Chequing 5261.16 2020-05-20 00:00:00-04:00",
    "action_flag": 2,
    "change_message": "[{\"changed\": {\"fields\": [\"Balance\"]}}]"
  }
},
{
  "model": "admin.logentry",
  "pk": 74,
  "fields": {
    "action_time": "2020-05-20T15:58:39.298Z",
    "user": 1,
    "content_type": 2,
    "object_id": "68",
    "object_repr": "Costco  food  -75.19 2020-05-20 Groceries RBC Chequing",
    "action_flag": 2,
    "change_message": "[{\"changed\": {\"fields\": [\"Amount\"]}}]"
  }
},
{
  "model": "admin.logentry",
  "pk": 75,
  "fields": {
    "action_time": "2020-05-20T15:59:01.247Z",
    "user": 1,
    "content_type": 2,
    "object_id": "68",
    "object_repr": "Costco  food  -75.14 2020-05-20 Groceries RBC Chequing",
    "action_flag": 2,
    "change_message": "[{\"changed\": {\"fields\": [\"Amount\"]}}]"
  }
},
{
  "model": "admin.logentry",
  "pk": 76,
  "fields": {
    "action_time": "2020-05-20T16:07:29.293Z",
    "user": 1,
    "content_type": 4,
    "object_id": "39",
    "object_repr": "RBC Chequing 5336.35 2020-05-19 00:00:00-04:00",
    "action_flag": 2,
    "change_message": "[{\"changed\": {\"fields\": [\"Balance\", \"Balance date\"]}}]"
  }
},
{
  "model": "admin.logentry",
  "pk": 77,
  "fields": {
    "action_time": "2020-05-20T17:01:11.964Z",
    "user": 1,
    "content_type": 3,
    "object_id": "17",
    "object_repr": "test",
    "action_flag": 3,
    "change_message": ""
  }
},
{
  "model": "admin.logentry",
  "pk": 78,
  "fields": {
    "action_time": "2020-05-20T17:01:11.969Z",
    "user": 1,
    "content_type": 3,
    "object_id": "16",
    "object_repr": "stuff",
    "action_flag": 3,
    "change_message": ""
  }
},
{
  "model": "admin.logentry",
  "pk": 79,
  "fields": {
    "action_time": "2020-05-20T17:01:11.970Z",
    "user": 1,
    "content_type": 3,
    "object_id": "15",
    "object_repr": "stuff",
    "action_flag": 3,
    "change_message": ""
  }
},
{
  "model": "admin.logentry",
  "pk": 80,
  "fields": {
    "action_time": "2020-05-20T17:03:42.239Z",
    "user": 1,
    "content_type": 3,
    "object_id": "18",
    "object_repr": "test",
    "action_flag": 2,
    "change_message": "[{\"changed\": {\"fields\": [\"User\"]}}]"
  }
},
{
  "model": "admin.logentry",
  "pk": 81,
  "fields": {
    "action_time": "2020-05-20T17:03:53.557Z",
    "user": 1,
    "content_type": 3,
    "object_id": "18",
    "object_repr": "test",
    "action_flag": 3,
    "change_message": ""
  }
},
{
  "model": "admin.logentry",
  "pk": 82,
  "fields": {
    "action_time": "2020-05-20T17:07:08.433Z",
    "user": 1,
    "content_type": 3,
    "object_id": "19",
    "object_repr": "test",
    "action_flag": 3,
    "change_message": ""
  }
},
{
  "model": "admin.logentry",
  "pk": 83,
  "fields": {
    "action_time": "2020-05-20T17:08:52.394Z",
    "user": 1,
    "content_type": 3,
    "object_id": "20",
    "object_repr": "test",
    "action_flag": 3,
    "change_message": ""
  }
},
{
  "model": "admin.logentry",
  "pk": 84,
  "fields": {
    "action_time": "2020-05-20T17:13:57.805Z",
    "user": 1,
    "content_type": 2,
    "object_id": "73",
    "object_repr": "Longos  test  -1.0 2020-05-20 Gifts Westjet",
    "action_flag": 3,
    "change_message": ""
  }
},
{
  "model": "admin.logentry",
  "pk": 85,
  "fields": {
    "action_time": "2020-05-20T17:15:29.215Z",
    "user": 1,
    "content_type": 2,
    "object_id": "74",
    "object_repr": "Longos  test  -1.0 2020-05-20 Gifts Westjet",
    "action_flag": 3,
    "change_message": ""
  }
},
{
  "model": "admin.logentry",
  "pk": 86,
  "fields": {
    "action_time": "2020-05-20T17:23:50.833Z",
    "user": 1,
    "content_type": 2,
    "object_id": "76",
    "object_repr": "Longos  test  -1.0 2020-05-20 Gifts Westjet",
    "action_flag": 3,
    "change_message": ""
  }
},
{
  "model": "admin.logentry",
  "pk": 87,
  "fields": {
    "action_time": "2020-05-20T17:23:50.836Z",
    "user": 1,
    "content_type": 2,
    "object_id": "75",
    "object_repr": "Longos  test  -1.0 2020-05-20 Gifts Westjet",
    "action_flag": 3,
    "change_message": ""
  }
},
{
  "model": "admin.logentry",
  "pk": 88,
  "fields": {
    "action_time": "2020-05-21T02:17:03.511Z",
    "user": 1,
    "content_type": 10,
    "object_id": "5",
    "object_repr": "new",
    "action_flag": 3,
    "change_message": ""
  }
},
{
  "model": "admin.logentry",
  "pk": 89,
  "fields": {
    "action_time": "2020-05-21T02:17:03.513Z",
    "user": 1,
    "content_type": 10,
    "object_id": "6",
    "object_repr": "newuser",
    "action_flag": 3,
    "change_message": ""
  }
},
{
  "model": "admin.logentry",
  "pk": 90,
  "fields": {
    "action_time": "2020-05-21T02:21:49.611Z",
    "user": 1,
    "content_type": 10,
    "object_id": "7",
    "object_repr": "newuser",
    "action_flag": 3,
    "change_message": ""
  }
},
{
  "model": "admin.logentry",
  "pk": 91,
  "fields": {
    "action_time": "2020-05-21T02:26:46.367Z",
    "user": 1,
    "content_type": 10,
    "object_id": "8",
    "object_repr": "newuser",
    "action_flag": 3,
    "change_message": ""
  }
},
{
  "model": "admin.logentry",
  "pk": 92,
  "fields": {
    "action_time": "2020-05-21T02:57:08.912Z",
    "user": 1,
    "content_type": 10,
    "object_id": "17",
    "object_repr": "blah",
    "action_flag": 3,
    "change_message": ""
  }
},
{
  "model": "admin.logentry",
  "pk": 93,
  "fields": {
    "action_time": "2020-05-21T02:57:08.915Z",
    "user": 1,
    "content_type": 10,
    "object_id": "12",
    "object_repr": "newtest4",
    "action_flag": 3,
    "change_message": ""
  }
},
{
  "model": "admin.logentry",
  "pk": 94,
  "fields": {
    "action_time": "2020-05-21T02:57:08.917Z",
    "user": 1,
    "content_type": 10,
    "object_id": "9",
    "object_repr": "newuser",
    "action_flag": 3,
    "change_message": ""
  }
},
{
  "model": "admin.logentry",
  "pk": 95,
  "fields": {
    "action_time": "2020-05-21T02:57:08.920Z",
    "user": 1,
    "content_type": 10,
    "object_id": "10",
    "object_repr": "newuser2",
    "action_flag": 3,
    "change_message": ""
  }
},
{
  "model": "admin.logentry",
  "pk": 96,
  "fields": {
    "action_time": "2020-05-21T02:57:08.922Z",
    "user": 1,
    "content_type": 10,
    "object_id": "15",
    "object_repr": "something",
    "action_flag": 3,
    "change_message": ""
  }
},
{
  "model": "admin.logentry",
  "pk": 97,
  "fields": {
    "action_time": "2020-05-21T02:57:08.924Z",
    "user": 1,
    "content_type": 10,
    "object_id": "16",
    "object_repr": "stuff",
    "action_flag": 3,
    "change_message": ""
  }
},
{
  "model": "admin.logentry",
  "pk": 98,
  "fields": {
    "action_time": "2020-05-21T02:57:08.926Z",
    "user": 1,
    "content_type": 10,
    "object_id": "11",
    "object_repr": "test3",
    "action_flag": 3,
    "change_message": ""
  }
},
{
  "model": "admin.logentry",
  "pk": 99,
  "fields": {
    "action_time": "2020-05-21T02:57:08.928Z",
    "user": 1,
    "content_type": 10,
    "object_id": "13",
    "object_repr": "testing",
    "action_flag": 3,
    "change_message": ""
  }
},
{
  "model": "admin.logentry",
  "pk": 100,
  "fields": {
    "action_time": "2020-05-21T02:57:08.929Z",
    "user": 1,
    "content_type": 10,
    "object_id": "14",
    "object_repr": "testing123",
    "action_flag": 3,
    "change_message": ""
  }
},
{
  "model": "admin.logentry",
  "pk": 101,
  "fields": {
    "action_time": "2020-05-21T03:03:36.487Z",
    "user": 1,
    "content_type": 10,
    "object_id": "20",
    "object_repr": "shoot",
    "action_flag": 3,
    "change_message": ""
  }
},
{
  "model": "admin.logentry",
  "pk": 102,
  "fields": {
    "action_time": "2020-05-21T03:03:36.490Z",
    "user": 1,
    "content_type": 10,
    "object_id": "21",
    "object_repr": "shoot2",
    "action_flag": 3,
    "change_message": ""
  }
},
{
  "model": "admin.logentry",
  "pk": 103,
  "fields": {
    "action_time": "2020-05-21T03:03:36.491Z",
    "user": 1,
    "content_type": 10,
    "object_id": "22",
    "object_repr": "shoot3",
    "action_flag": 3,
    "change_message": ""
  }
},
{
  "model": "admin.logentry",
  "pk": 104,
  "fields": {
    "action_time": "2020-05-21T03:03:36.493Z",
    "user": 1,
    "content_type": 10,
    "object_id": "23",
    "object_repr": "something",
    "action_flag": 3,
    "change_message": ""
  }
},
{
  "model": "admin.logentry",
  "pk": 105,
  "fields": {
    "action_time": "2020-05-21T03:03:36.495Z",
    "user": 1,
    "content_type": 10,
    "object_id": "26",
    "object_repr": "something2",
    "action_flag": 3,
    "change_message": ""
  }
},
{
  "model": "admin.logentry",
  "pk": 106,
  "fields": {
    "action_time": "2020-05-21T03:03:36.497Z",
    "user": 1,
    "content_type": 10,
    "object_id": "25",
    "object_repr": "stu",
    "action_flag": 3,
    "change_message": ""
  }
},
{
  "model": "admin.logentry",
  "pk": 107,
  "fields": {
    "action_time": "2020-05-21T03:03:36.499Z",
    "user": 1,
    "content_type": 10,
    "object_id": "19",
    "object_repr": "stuff",
    "action_flag": 3,
    "change_message": ""
  }
},
{
  "model": "admin.logentry",
  "pk": 108,
  "fields": {
    "action_time": "2020-05-21T03:03:36.500Z",
    "user": 1,
    "content_type": 10,
    "object_id": "18",
    "object_repr": "stuff2",
    "action_flag": 3,
    "change_message": ""
  }
},
{
  "model": "admin.logentry",
  "pk": 109,
  "fields": {
    "action_time": "2020-05-21T03:03:36.502Z",
    "user": 1,
    "content_type": 10,
    "object_id": "24",
    "object_repr": "stuffing",
    "action_flag": 3,
    "change_message": ""
  }
},
{
  "model": "admin.logentry",
  "pk": 110,
  "fields": {
    "action_time": "2020-05-21T03:07:49.805Z",
    "user": 1,
    "content_type": 10,
    "object_id": "30",
    "object_repr": "gonnabalance",
    "action_flag": 3,
    "change_message": ""
  }
},
{
  "model": "admin.logentry",
  "pk": 111,
  "fields": {
    "action_time": "2020-05-21T03:07:49.807Z",
    "user": 1,
    "content_type": 10,
    "object_id": "29",
    "object_repr": "stuffing28",
    "action_flag": 3,
    "change_message": ""
  }
},
{
  "model": "admin.logentry",
  "pk": 112,
  "fields": {
    "action_time": "2020-05-21T03:07:49.809Z",
    "user": 1,
    "content_type": 10,
    "object_id": "27",
    "object_repr": "testing",
    "action_flag": 3,
    "change_message": ""
  }
},
{
  "model": "admin.logentry",
  "pk": 113,
  "fields": {
    "action_time": "2020-05-21T03:07:49.811Z",
    "user": 1,
    "content_type": 10,
    "object_id": "28",
    "object_repr": "testing22",
    "action_flag": 3,
    "change_message": ""
  }
},
{
  "model": "admin.logentry",
  "pk": 114,
  "fields": {
    "action_time": "2020-05-21T14:23:18.853Z",
    "user": 1,
    "content_type": 3,
    "object_id": "21",
    "object_repr": "Westjet",
    "action_flag": 3,
    "change_message": ""
  }
},
{
  "model": "admin.logentry",
  "pk": 115,
  "fields": {
    "action_time": "2020-05-21T14:23:26.544Z",
    "user": 1,
    "content_type": 4,
    "object_id": "49",
    "object_repr": "Westjet 388.11 2020-05-21 04:00:00+00:00",
    "action_flag": 3,
    "change_message": ""
  }
},
{
  "model": "admin.logentry",
  "pk": 116,
  "fields": {
    "action_time": "2020-05-21T14:50:14.353Z",
    "user": 1,
    "content_type": 3,
    "object_id": "22",
    "object_repr": "Westjet",
    "action_flag": 3,
    "change_message": ""
  }
},
{
  "model": "admin.logentry",
  "pk": 117,
  "fields": {
    "action_time": "2020-05-21T15:21:13.290Z",
    "user": 1,
    "content_type": 3,
    "object_id": "23",
    "object_repr": "Westjet",
    "action_flag": 3,
    "change_message": ""
  }
},
{
  "model": "admin.logentry",
  "pk": 118,
  "fields": {
    "action_time": "2020-05-21T15:21:26.076Z",
    "user": 1,
    "content_type": 4,
    "object_id": "50",
    "object_repr": "Westjet 387.11 2020-05-21 04:00:00+00:00",
    "action_flag": 3,
    "change_message": ""
  }
},
{
  "model": "admin.logentry",
  "pk": 119,
  "fields": {
    "action_time": "2020-05-21T15:28:17.752Z",
    "user": 1,
    "content_type": 3,
    "object_id": "24",
    "object_repr": "Westjet",
    "action_flag": 3,
    "change_message": ""
  }
},
{
  "model": "admin.logentry",
  "pk": 120,
  "fields": {
    "action_time": "2020-05-21T15:29:36.188Z",
    "user": 1,
    "content_type": 3,
    "object_id": "25",
    "object_repr": "Westjet",
    "action_flag": 3,
    "change_message": ""
  }
},
{
  "model": "admin.logentry",
  "pk": 121,
  "fields": {
    "action_time": "2020-05-21T15:30:29.590Z",
    "user": 1,
    "content_type": 3,
    "object_id": "26",
    "object_repr": "Westjet",
    "action_flag": 3,
    "change_message": ""
  }
},
{
  "model": "admin.logentry",
  "pk": 122,
  "fields": {
    "action_time": "2020-05-21T15:34:37.523Z",
    "user": 1,
    "content_type": 2,
    "object_id": "97",
    "object_repr": "Westjet  initial  388.11 2020-05-21 Initial Balance Westjet",
    "action_flag": 3,
    "change_message": ""
  }
},
{
  "model": "admin.logentry",
  "pk": 123,
  "fields": {
    "action_time": "2020-05-21T15:34:37.525Z",
    "user": 1,
    "content_type": 2,
    "object_id": "96",
    "object_repr": "Westjet  initial  388.11 2020-05-21 Initial Balance Westjet",
    "action_flag": 3,
    "change_message": ""
  }
},
{
  "model": "admin.logentry",
  "pk": 124,
  "fields": {
    "action_time": "2020-05-21T16:46:46.750Z",
    "user": 1,
    "content_type": 3,
    "object_id": "27",
    "object_repr": "Westjet",
    "action_flag": 3,
    "change_message": ""
  }
},
{
  "model": "admin.logentry",
  "pk": 125,
  "fields": {
    "action_time": "2020-05-22T01:06:13.095Z",
    "user": 1,
    "content_type": 6,
    "object_id": "64",
    "object_repr": "2020-06-01   Mortgage NeelFirst  8000.0 64 ",
    "action_flag": 3,
    "change_message": ""
  }
},
{
  "model": "admin.logentry",
  "pk": 126,
  "fields": {
    "action_time": "2020-05-22T01:06:13.097Z",
    "user": 1,
    "content_type": 6,
    "object_id": "63",
    "object_repr": "2020-05-01   Mortgage NeelFirst  8000.0 63 ",
    "action_flag": 3,
    "change_message": ""
  }
},
{
  "model": "admin.logentry",
  "pk": 127,
  "fields": {
    "action_time": "2020-05-22T01:33:14.131Z",
    "user": 1,
    "content_type": 4,
    "object_id": "58",
    "object_repr": "Scotiabank Ultimate Package 9699.0 2020-05-21 04:00:00+00:00",
    "action_flag": 3,
    "change_message": ""
  }
},
{
  "model": "admin.logentry",
  "pk": 128,
  "fields": {
    "action_time": "2020-05-22T01:33:21.633Z",
    "user": 1,
    "content_type": 3,
    "object_id": "34",
    "object_repr": "Scotiabank Ultimate Package",
    "action_flag": 3,
    "change_message": ""
  }
},
{
  "model": "admin.logentry",
  "pk": 129,
  "fields": {
    "action_time": "2020-05-22T01:33:45.222Z",
    "user": 1,
    "content_type": 6,
    "object_id": "68",
    "object_repr": "2020-06-01   Mortgage NeelSecond  8000.0 68 ",
    "action_flag": 3,
    "change_message": ""
  }
},
{
  "model": "admin.logentry",
  "pk": 130,
  "fields": {
    "action_time": "2020-05-22T01:33:45.224Z",
    "user": 1,
    "content_type": 6,
    "object_id": "67",
    "object_repr": "2020-05-01   Mortgage NeelSecond  8000.0 67 ",
    "action_flag": 3,
    "change_message": ""
  }
},
{
  "model": "admin.logentry",
  "pk": 131,
  "fields": {
    "action_time": "2020-05-22T01:33:45.227Z",
    "user": 1,
    "content_type": 6,
    "object_id": "66",
    "object_repr": "2020-06-01   Mortgage NeelSecond  8000.0 66 ",
    "action_flag": 3,
    "change_message": ""
  }
},
{
  "model": "admin.logentry",
  "pk": 132,
  "fields": {
    "action_time": "2020-05-22T01:33:45.229Z",
    "user": 1,
    "content_type": 6,
    "object_id": "65",
    "object_repr": "2020-05-01   Mortgage NeelSecond  8000.0 65 ",
    "action_flag": 3,
    "change_message": ""
  }
},
{
  "model": "admin.logentry",
  "pk": 133,
  "fields": {
    "action_time": "2020-05-22T01:34:38.986Z",
    "user": 1,
    "content_type": 10,
    "object_id": "32",
    "object_repr": "NeelSecond",
    "action_flag": 3,
    "change_message": ""
  }
},
{
  "model": "admin.logentry",
  "pk": 134,
  "fields": {
    "action_time": "2020-05-22T01:37:57.461Z",
    "user": 1,
    "content_type": 10,
    "object_id": "31",
    "object_repr": "NeelFirst",
    "action_flag": 3,
    "change_message": ""
  }
},
{
  "model": "admin.logentry",
  "pk": 135,
  "fields": {
    "action_time": "2020-05-22T20:14:29.679Z",
    "user": 1,
    "content_type": 5,
    "object_id": "46",
    "object_repr": "Mortgage",
    "action_flag": 2,
    "change_message": "[{\"changed\": {\"fields\": [\"Carry over\"]}}]"
  }
},
{
  "model": "admin.logentry",
  "pk": 136,
  "fields": {
    "action_time": "2020-05-22T20:26:54.732Z",
    "user": 1,
    "content_type": 6,
    "object_id": "74",
    "object_repr": "2020-06-01  Property Tax  525.0 74 ",
    "action_flag": 3,
    "change_message": ""
  }
},
{
  "model": "admin.logentry",
  "pk": 137,
  "fields": {
    "action_time": "2020-05-22T20:27:01.378Z",
    "user": 1,
    "content_type": 6,
    "object_id": "72",
    "object_repr": "2020-06-01  Mortgage  8000.0 72 ",
    "action_flag": 3,
    "change_message": ""
  }
},
{
  "model": "admin.logentry",
  "pk": 138,
  "fields": {
    "action_time": "2020-05-23T02:43:06.878Z",
    "user": 1,
    "content_type": 5,
    "object_id": "46",
    "object_repr": "Mortgage",
    "action_flag": 2,
    "change_message": "[{\"changed\": {\"fields\": [\"Carry over\"]}}]"
  }
},
{
  "model": "admin.logentry",
  "pk": 139,
  "fields": {
    "action_time": "2020-05-23T02:55:49.894Z",
    "user": 1,
    "content_type": 5,
    "object_id": "43",
    "object_repr": "Mortgage",
    "action_flag": 2,
    "change_message": "[{\"changed\": {\"fields\": [\"Carry over\"]}}]"
  }
},
{
  "model": "admin.logentry",
  "pk": 140,
  "fields": {
    "action_time": "2020-05-23T02:57:00.781Z",
    "user": 1,
    "content_type": 5,
    "object_id": "46",
    "object_repr": "Mortgage",
    "action_flag": 2,
    "change_message": "[{\"changed\": {\"fields\": [\"Carry over\"]}}]"
  }
},
{
  "model": "admin.logentry",
  "pk": 141,
  "fields": {
    "action_time": "2020-05-23T03:02:57.727Z",
    "user": 1,
    "content_type": 5,
    "object_id": "46",
    "object_repr": "Mortgage",
    "action_flag": 3,
    "change_message": ""
  }
},
{
  "model": "admin.logentry",
  "pk": 142,
  "fields": {
    "action_time": "2020-05-23T05:30:19.079Z",
    "user": 1,
    "content_type": 3,
    "object_id": "42",
    "object_repr": "test",
    "action_flag": 3,
    "change_message": ""
  }
},
{
  "model": "admin.logentry",
  "pk": 143,
  "fields": {
    "action_time": "2020-05-23T05:31:46.469Z",
    "user": 1,
    "content_type": 3,
    "object_id": "43",
    "object_repr": "test",
    "action_flag": 3,
    "change_message": ""
  }
},
{
  "model": "admin.logentry",
  "pk": 144,
  "fields": {
    "action_time": "2020-05-23T05:32:41.684Z",
    "user": 1,
    "content_type": 3,
    "object_id": "44",
    "object_repr": "test",
    "action_flag": 3,
    "change_message": ""
  }
},
{
  "model": "admin.logentry",
  "pk": 145,
  "fields": {
    "action_time": "2020-05-23T05:33:17.986Z",
    "user": 1,
    "content_type": 3,
    "object_id": "45",
    "object_repr": "test",
    "action_flag": 3,
    "change_message": ""
  }
},
{
  "model": "admin.logentry",
  "pk": 146,
  "fields": {
    "action_time": "2020-05-23T05:34:59.925Z",
    "user": 1,
    "content_type": 3,
    "object_id": "46",
    "object_repr": "NewAccount",
    "action_flag": 3,
    "change_message": ""
  }
},
{
  "model": "admin.logentry",
  "pk": 147,
  "fields": {
    "action_time": "2020-05-23T11:50:33.067Z",
    "user": 1,
    "content_type": 3,
    "object_id": "48",
    "object_repr": "RBC",
    "action_flag": 2,
    "change_message": "[{\"changed\": {\"fields\": [\"Account type\"]}}]"
  }
},
{
  "model": "admin.logentry",
  "pk": 148,
  "fields": {
    "action_time": "2020-05-23T13:46:29.048Z",
    "user": 1,
    "content_type": 3,
    "object_id": "48",
    "object_repr": "RBC",
    "action_flag": 3,
    "change_message": ""
  }
},
{
  "model": "admin.logentry",
  "pk": 149,
  "fields": {
    "action_time": "2020-05-23T13:46:42.151Z",
    "user": 1,
    "content_type": 3,
    "object_id": "49",
    "object_repr": "RBC",
    "action_flag": 3,
    "change_message": ""
  }
},
{
  "model": "admin.logentry",
  "pk": 150,
  "fields": {
    "action_time": "2020-05-23T13:46:58.369Z",
    "user": 1,
    "content_type": 6,
    "object_id": "100",
    "object_repr": "2020-06-01  Mortgage  5000.0 100 ",
    "action_flag": 3,
    "change_message": ""
  }
},
{
  "model": "admin.logentry",
  "pk": 151,
  "fields": {
    "action_time": "2020-05-23T13:46:58.372Z",
    "user": 1,
    "content_type": 6,
    "object_id": "99",
    "object_repr": "2020-05-01  Mortgage  4000.0 99 ",
    "action_flag": 3,
    "change_message": ""
  }
},
{
  "model": "admin.logentry",
  "pk": 152,
  "fields": {
    "action_time": "2020-05-23T13:48:42.845Z",
    "user": 1,
    "content_type": 3,
    "object_id": "50",
    "object_repr": "RBC",
    "action_flag": 3,
    "change_message": ""
  }
},
{
  "model": "admin.logentry",
  "pk": 153,
  "fields": {
    "action_time": "2020-05-23T13:53:28.170Z",
    "user": 1,
    "content_type": 3,
    "object_id": "51",
    "object_repr": "RBC",
    "action_flag": 3,
    "change_message": ""
  }
},
{
  "model": "admin.logentry",
  "pk": 154,
  "fields": {
    "action_time": "2020-05-23T14:23:49.061Z",
    "user": 1,
    "content_type": 3,
    "object_id": "52",
    "object_repr": "RBC",
    "action_flag": 3,
    "change_message": ""
  }
},
{
  "model": "admin.logentry",
  "pk": 155,
  "fields": {
    "action_time": "2020-05-23T14:23:53.433Z",
    "user": 1,
    "content_type": 3,
    "object_id": "53",
    "object_repr": "Westjet",
    "action_flag": 3,
    "change_message": ""
  }
},
{
  "model": "admin.logentry",
  "pk": 156,
  "fields": {
    "action_time": "2020-05-23T14:24:01.491Z",
    "user": 1,
    "content_type": 6,
    "object_id": "108",
    "object_repr": "2020-06-01  Mortgage  2500.0 108 ",
    "action_flag": 3,
    "change_message": ""
  }
},
{
  "model": "admin.logentry",
  "pk": 157,
  "fields": {
    "action_time": "2020-05-23T14:24:05.541Z",
    "user": 1,
    "content_type": 6,
    "object_id": "106",
    "object_repr": "2020-05-01  Mortgage  4000.0 106 ",
    "action_flag": 3,
    "change_message": ""
  }
},
{
  "model": "admin.logentry",
  "pk": 158,
  "fields": {
    "action_time": "2020-05-23T14:30:23.361Z",
    "user": 1,
    "content_type": 3,
    "object_id": "54",
    "object_repr": "RBC",
    "action_flag": 3,
    "change_message": ""
  }
},
{
  "model": "admin.logentry",
  "pk": 159,
  "fields": {
    "action_time": "2020-05-23T14:31:57.676Z",
    "user": 1,
    "content_type": 6,
    "object_id": "109",
    "object_repr": "2020-05-01  Income  1000.0 109 ",
    "action_flag": 3,
    "change_message": ""
  }
},
{
  "model": "admin.logentry",
  "pk": 160,
  "fields": {
    "action_time": "2020-05-23T14:32:12.124Z",
    "user": 1,
    "content_type": 2,
    "object_id": "142",
    "object_repr": "RBC  initial  5000.0 2020-05-23 Initial Balance RBC",
    "action_flag": 3,
    "change_message": ""
  }
},
{
  "model": "admin.logentry",
  "pk": 161,
  "fields": {
    "action_time": "2020-05-23T14:32:25.645Z",
    "user": 1,
    "content_type": 3,
    "object_id": "55",
    "object_repr": "RBC",
    "action_flag": 3,
    "change_message": ""
  }
},
{
  "model": "admin.logentry",
  "pk": 162,
  "fields": {
    "action_time": "2020-05-23T14:40:37.195Z",
    "user": 1,
    "content_type": 3,
    "object_id": "56",
    "object_repr": "RBC",
    "action_flag": 3,
    "change_message": ""
  }
},
{
  "model": "admin.logentry",
  "pk": 163,
  "fields": {
    "action_time": "2020-05-23T14:40:51.168Z",
    "user": 1,
    "content_type": 6,
    "object_id": "110",
    "object_repr": "2020-05-01  Mortgage  1000.0 110 ",
    "action_flag": 3,
    "change_message": ""
  }
},
{
  "model": "admin.logentry",
  "pk": 164,
  "fields": {
    "action_time": "2020-05-23T14:42:28.495Z",
    "user": 1,
    "content_type": 3,
    "object_id": "57",
    "object_repr": "RBC",
    "action_flag": 3,
    "change_message": ""
  }
},
{
  "model": "admin.logentry",
  "pk": 165,
  "fields": {
    "action_time": "2020-05-23T14:44:33.885Z",
    "user": 1,
    "content_type": 3,
    "object_id": "58",
    "object_repr": "RBC Chequing",
    "action_flag": 3,
    "change_message": ""
  }
},
{
  "model": "admin.logentry",
  "pk": 166,
  "fields": {
    "action_time": "2020-05-23T14:45:44.854Z",
    "user": 1,
    "content_type": 3,
    "object_id": "59",
    "object_repr": "Neel",
    "action_flag": 3,
    "change_message": ""
  }
},
{
  "model": "admin.logentry",
  "pk": 167,
  "fields": {
    "action_time": "2020-05-23T14:47:22.513Z",
    "user": 1,
    "content_type": 3,
    "object_id": "60",
    "object_repr": "RBC Chequing",
    "action_flag": 3,
    "change_message": ""
  }
},
{
  "model": "admin.logentry",
  "pk": 168,
  "fields": {
    "action_time": "2020-05-23T14:50:52.680Z",
    "user": 1,
    "content_type": 3,
    "object_id": "61",
    "object_repr": "RBC Chequing",
    "action_flag": 3,
    "change_message": ""
  }
},
{
  "model": "admin.logentry",
  "pk": 169,
  "fields": {
    "action_time": "2020-05-23T14:52:47.394Z",
    "user": 1,
    "content_type": 3,
    "object_id": "62",
    "object_repr": "RBC Chequing",
    "action_flag": 3,
    "change_message": ""
  }
},
{
  "model": "admin.logentry",
  "pk": 170,
  "fields": {
    "action_time": "2020-05-23T14:55:40.069Z",
    "user": 1,
    "content_type": 3,
    "object_id": "63",
    "object_repr": "RBC Chequing",
    "action_flag": 3,
    "change_message": ""
  }
},
{
  "model": "admin.logentry",
  "pk": 171,
  "fields": {
    "action_time": "2020-05-23T14:58:57.804Z",
    "user": 1,
    "content_type": 3,
    "object_id": "64",
    "object_repr": "Neel",
    "action_flag": 3,
    "change_message": ""
  }
},
{
  "model": "admin.logentry",
  "pk": 172,
  "fields": {
    "action_time": "2020-05-23T16:53:44.851Z",
    "user": 1,
    "content_type": 4,
    "object_id": "93",
    "object_repr": "Westjet -484.53 2020-05-23 00:00:00-04:00",
    "action_flag": 2,
    "change_message": "[{\"changed\": {\"fields\": [\"Balance\"]}}]"
  }
},
{
  "model": "admin.logentry",
  "pk": 173,
  "fields": {
    "action_time": "2020-05-23T16:53:54.121Z",
    "user": 1,
    "content_type": 3,
    "object_id": "68",
    "object_repr": "Westjet",
    "action_flag": 2,
    "change_message": "[{\"changed\": {\"fields\": [\"Initial balance\"]}}]"
  }
},
{
  "model": "admin.logentry",
  "pk": 174,
  "fields": {
    "action_time": "2020-05-23T17:25:33.442Z",
    "user": 1,
    "content_type": 2,
    "object_id": "165",
    "object_repr": "Westjet  initial  -484.53 2020-05-23 Initial Balance Westjet",
    "action_flag": 2,
    "change_message": "[{\"changed\": {\"fields\": [\"Amount\"]}}]"
  }
},
{
  "model": "admin.logentry",
  "pk": 175,
  "fields": {
    "action_time": "2020-05-23T17:31:36.560Z",
    "user": 1,
    "content_type": 2,
    "object_id": "165",
    "object_repr": "Westjet  initial  484.53 2020-05-23 Initial Balance Westjet",
    "action_flag": 2,
    "change_message": "[{\"changed\": {\"fields\": [\"Amount\"]}}]"
  }
},
{
  "model": "budgettracker.budgetleft",
  "pk": 1,
  "fields": {
    "user": 1,
    "amount": 350.0
  }
},
{
  "model": "budgettracker.budgetleft",
  "pk": 2,
  "fields": {
    "user": 35,
    "amount": -22400.0
  }
},
{
  "model": "budgettracker.budgettracker",
  "pk": 3,
  "fields": {
    "user": 1,
    "date": "2020-05-01",
    "category": 3,
    "budget_amount": 6000.0,
    "monthly_spend": -207.57
  }
},
{
  "model": "budgettracker.budgettracker",
  "pk": 4,
  "fields": {
    "user": 1,
    "date": "2020-06-01",
    "category": 3,
    "budget_amount": 3563.01,
    "monthly_spend": -207.57
  }
},
{
  "model": "budgettracker.budgettracker",
  "pk": 5,
  "fields": {
    "user": 1,
    "date": "2020-05-01",
    "category": 4,
    "budget_amount": 525.0,
    "monthly_spend": -207.57
  }
},
{
  "model": "budgettracker.budgettracker",
  "pk": 6,
  "fields": {
    "user": 1,
    "date": "2020-06-01",
    "category": 4,
    "budget_amount": 525.0,
    "monthly_spend": -207.57
  }
},
{
  "model": "budgettracker.budgettracker",
  "pk": 7,
  "fields": {
    "user": 1,
    "date": "2020-05-01",
    "category": 5,
    "budget_amount": 80.0,
    "monthly_spend": -207.57
  }
},
{
  "model": "budgettracker.budgettracker",
  "pk": 8,
  "fields": {
    "user": 1,
    "date": "2020-06-01",
    "category": 5,
    "budget_amount": 80.0,
    "monthly_spend": -207.57
  }
},
{
  "model": "budgettracker.budgettracker",
  "pk": 9,
  "fields": {
    "user": 1,
    "date": "2020-05-01",
    "category": 6,
    "budget_amount": 100.0,
    "monthly_spend": -207.57
  }
},
{
  "model": "budgettracker.budgettracker",
  "pk": 10,
  "fields": {
    "user": 1,
    "date": "2020-06-01",
    "category": 6,
    "budget_amount": 100.0,
    "monthly_spend": -207.57
  }
},
{
  "model": "budgettracker.budgettracker",
  "pk": 11,
  "fields": {
    "user": 1,
    "date": "2020-05-01",
    "category": 7,
    "budget_amount": 476.67,
    "monthly_spend": -207.57
  }
},
{
  "model": "budgettracker.budgettracker",
  "pk": 12,
  "fields": {
    "user": 1,
    "date": "2020-06-01",
    "category": 7,
    "budget_amount": 476.67,
    "monthly_spend": -207.57
  }
},
{
  "model": "budgettracker.budgettracker",
  "pk": 13,
  "fields": {
    "user": 1,
    "date": "2020-05-01",
    "category": 8,
    "budget_amount": 700.0,
    "monthly_spend": -207.57
  }
},
{
  "model": "budgettracker.budgettracker",
  "pk": 14,
  "fields": {
    "user": 1,
    "date": "2020-06-01",
    "category": 8,
    "budget_amount": 629.81,
    "monthly_spend": -207.57
  }
},
{
  "model": "budgettracker.budgettracker",
  "pk": 15,
  "fields": {
    "user": 1,
    "date": "2020-05-01",
    "category": 9,
    "budget_amount": 400.0,
    "monthly_spend": -207.57
  }
},
{
  "model": "budgettracker.budgettracker",
  "pk": 16,
  "fields": {
    "user": 1,
    "date": "2020-06-01",
    "category": 9,
    "budget_amount": 400.0,
    "monthly_spend": -207.57
  }
},
{
  "model": "budgettracker.budgettracker",
  "pk": 17,
  "fields": {
    "user": 1,
    "date": "2020-05-01",
    "category": 10,
    "budget_amount": 148.44,
    "monthly_spend": -207.57
  }
},
{
  "model": "budgettracker.budgettracker",
  "pk": 18,
  "fields": {
    "user": 1,
    "date": "2020-06-01",
    "category": 10,
    "budget_amount": 62.67999999999999,
    "monthly_spend": -207.57
  }
},
{
  "model": "budgettracker.budgettracker",
  "pk": 19,
  "fields": {
    "user": 1,
    "date": "2020-05-01",
    "category": 11,
    "budget_amount": 250.0,
    "monthly_spend": -207.57
  }
},
{
  "model": "budgettracker.budgettracker",
  "pk": 20,
  "fields": {
    "user": 1,
    "date": "2020-06-01",
    "category": 11,
    "budget_amount": 193.95,
    "monthly_spend": -207.57
  }
},
{
  "model": "budgettracker.budgettracker",
  "pk": 21,
  "fields": {
    "user": 1,
    "date": "2020-05-01",
    "category": 12,
    "budget_amount": 100.0,
    "monthly_spend": -207.57
  }
},
{
  "model": "budgettracker.budgettracker",
  "pk": 22,
  "fields": {
    "user": 1,
    "date": "2020-06-01",
    "category": 12,
    "budget_amount": 100.0,
    "monthly_spend": -207.57
  }
},
{
  "model": "budgettracker.budgettracker",
  "pk": 23,
  "fields": {
    "user": 1,
    "date": "2020-05-01",
    "category": 13,
    "budget_amount": 39.55,
    "monthly_spend": -207.57
  }
},
{
  "model": "budgettracker.budgettracker",
  "pk": 24,
  "fields": {
    "user": 1,
    "date": "2020-06-01",
    "category": 13,
    "budget_amount": 39.55,
    "monthly_spend": -207.57
  }
},
{
  "model": "budgettracker.budgettracker",
  "pk": 25,
  "fields": {
    "user": 1,
    "date": "2020-05-01",
    "category": 14,
    "budget_amount": 200.0,
    "monthly_spend": -209.57
  }
},
{
  "model": "budgettracker.budgettracker",
  "pk": 26,
  "fields": {
    "user": 1,
    "date": "2020-06-01",
    "category": 14,
    "budget_amount": -428.71,
    "monthly_spend": -209.57
  }
},
{
  "model": "budgettracker.budgettracker",
  "pk": 27,
  "fields": {
    "user": 1,
    "date": "2020-05-01",
    "category": 15,
    "budget_amount": 1000.0,
    "monthly_spend": -207.57
  }
},
{
  "model": "budgettracker.budgettracker",
  "pk": 28,
  "fields": {
    "user": 1,
    "date": "2020-06-01",
    "category": 15,
    "budget_amount": 1000.0,
    "monthly_spend": -207.57
  }
},
{
  "model": "budgettracker.budgettracker",
  "pk": 29,
  "fields": {
    "user": 1,
    "date": "2020-05-01",
    "category": 16,
    "budget_amount": 104.5,
    "monthly_spend": -207.57
  }
},
{
  "model": "budgettracker.budgettracker",
  "pk": 30,
  "fields": {
    "user": 1,
    "date": "2020-06-01",
    "category": 16,
    "budget_amount": 104.5,
    "monthly_spend": -207.57
  }
},
{
  "model": "budgettracker.budgettracker",
  "pk": 31,
  "fields": {
    "user": 1,
    "date": "2020-05-01",
    "category": 17,
    "budget_amount": 400.0,
    "monthly_spend": -207.57
  }
},
{
  "model": "budgettracker.budgettracker",
  "pk": 32,
  "fields": {
    "user": 1,
    "date": "2020-06-01",
    "category": 17,
    "budget_amount": 400.0,
    "monthly_spend": -207.57
  }
},
{
  "model": "budgettracker.budgettracker",
  "pk": 33,
  "fields": {
    "user": 1,
    "date": "2020-05-01",
    "category": 18,
    "budget_amount": 400.0,
    "monthly_spend": -207.57
  }
},
{
  "model": "budgettracker.budgettracker",
  "pk": 34,
  "fields": {
    "user": 1,
    "date": "2020-06-01",
    "category": 18,
    "budget_amount": 400.0,
    "monthly_spend": -207.57
  }
},
{
  "model": "budgettracker.budgettracker",
  "pk": 35,
  "fields": {
    "user": 1,
    "date": "2020-05-01",
    "category": 19,
    "budget_amount": 300.0,
    "monthly_spend": -207.57
  }
},
{
  "model": "budgettracker.budgettracker",
  "pk": 36,
  "fields": {
    "user": 1,
    "date": "2020-06-01",
    "category": 19,
    "budget_amount": 300.0,
    "monthly_spend": -207.57
  }
},
{
  "model": "budgettracker.budgettracker",
  "pk": 37,
  "fields": {
    "user": 1,
    "date": "2020-05-01",
    "category": 20,
    "budget_amount": 125.0,
    "monthly_spend": -207.57
  }
},
{
  "model": "budgettracker.budgettracker",
  "pk": 38,
  "fields": {
    "user": 1,
    "date": "2020-06-01",
    "category": 20,
    "budget_amount": 125.0,
    "monthly_spend": -207.57
  }
},
{
  "model": "budgettracker.budgettracker",
  "pk": 39,
  "fields": {
    "user": 1,
    "date": "2020-05-01",
    "category": 21,
    "budget_amount": 45.14,
    "monthly_spend": -207.57
  }
},
{
  "model": "budgettracker.budgettracker",
  "pk": 40,
  "fields": {
    "user": 1,
    "date": "2020-06-01",
    "category": 21,
    "budget_amount": 45.14,
    "monthly_spend": -207.57
  }
},
{
  "model": "budgettracker.budgettracker",
  "pk": 41,
  "fields": {
    "user": 1,
    "date": "2020-05-01",
    "category": 22,
    "budget_amount": 275.0,
    "monthly_spend": -207.57
  }
},
{
  "model": "budgettracker.budgettracker",
  "pk": 42,
  "fields": {
    "user": 1,
    "date": "2020-06-01",
    "category": 22,
    "budget_amount": 275.0,
    "monthly_spend": -207.57
  }
},
{
  "model": "budgettracker.budgettracker",
  "pk": 43,
  "fields": {
    "user": 1,
    "date": "2020-05-01",
    "category": 23,
    "budget_amount": 125.0,
    "monthly_spend": -207.57
  }
},
{
  "model": "budgettracker.budgettracker",
  "pk": 44,
  "fields": {
    "user": 1,
    "date": "2020-06-01",
    "category": 23,
    "budget_amount": 75.03,
    "monthly_spend": -207.57
  }
},
{
  "model": "budgettracker.budgettracker",
  "pk": 45,
  "fields": {
    "user": 1,
    "date": "2020-05-01",
    "category": 24,
    "budget_amount": 112.0,
    "monthly_spend": -207.57
  }
},
{
  "model": "budgettracker.budgettracker",
  "pk": 46,
  "fields": {
    "user": 1,
    "date": "2020-06-01",
    "category": 24,
    "budget_amount": 112.0,
    "monthly_spend": -207.57
  }
},
{
  "model": "budgettracker.budgettracker",
  "pk": 47,
  "fields": {
    "user": 1,
    "date": "2020-05-01",
    "category": 25,
    "budget_amount": 100.0,
    "monthly_spend": -207.57
  }
},
{
  "model": "budgettracker.budgettracker",
  "pk": 48,
  "fields": {
    "user": 1,
    "date": "2020-06-01",
    "category": 25,
    "budget_amount": 65.0,
    "monthly_spend": -207.57
  }
},
{
  "model": "budgettracker.budgettracker",
  "pk": 49,
  "fields": {
    "user": 1,
    "date": "2020-05-01",
    "category": 26,
    "budget_amount": 75.0,
    "monthly_spend": -207.57
  }
},
{
  "model": "budgettracker.budgettracker",
  "pk": 50,
  "fields": {
    "user": 1,
    "date": "2020-06-01",
    "category": 26,
    "budget_amount": 75.0,
    "monthly_spend": -207.57
  }
},
{
  "model": "budgettracker.budgettracker",
  "pk": 51,
  "fields": {
    "user": 1,
    "date": "2020-05-01",
    "category": 27,
    "budget_amount": 75.0,
    "monthly_spend": -207.57
  }
},
{
  "model": "budgettracker.budgettracker",
  "pk": 52,
  "fields": {
    "user": 1,
    "date": "2020-06-01",
    "category": 27,
    "budget_amount": 75.0,
    "monthly_spend": -207.57
  }
},
{
  "model": "budgettracker.budgettracker",
  "pk": 53,
  "fields": {
    "user": 1,
    "date": "2020-05-01",
    "category": 28,
    "budget_amount": 201.0,
    "monthly_spend": -207.57
  }
},
{
  "model": "budgettracker.budgettracker",
  "pk": 54,
  "fields": {
    "user": 1,
    "date": "2020-06-01",
    "category": 28,
    "budget_amount": 401.0,
    "monthly_spend": -207.57
  }
},
{
  "model": "budgettracker.budgettracker",
  "pk": 55,
  "fields": {
    "user": 1,
    "date": "2020-05-01",
    "category": 29,
    "budget_amount": 35.21,
    "monthly_spend": -207.57
  }
},
{
  "model": "budgettracker.budgettracker",
  "pk": 56,
  "fields": {
    "user": 1,
    "date": "2020-06-01",
    "category": 29,
    "budget_amount": 35.21,
    "monthly_spend": -207.57
  }
},
{
  "model": "budgettracker.budgettracker",
  "pk": 57,
  "fields": {
    "user": 1,
    "date": "2020-05-01",
    "category": 30,
    "budget_amount": 4672.0,
    "monthly_spend": -207.57
  }
},
{
  "model": "budgettracker.budgettracker",
  "pk": 58,
  "fields": {
    "user": 1,
    "date": "2020-06-01",
    "category": 30,
    "budget_amount": 4672.0,
    "monthly_spend": -207.57
  }
},
{
  "model": "budgettracker.budgettracker",
  "pk": 59,
  "fields": {
    "user": 1,
    "date": "2020-05-01",
    "category": 31,
    "budget_amount": 5000.29,
    "monthly_spend": -207.57
  }
},
{
  "model": "budgettracker.budgettracker",
  "pk": 60,
  "fields": {
    "user": 1,
    "date": "2020-06-01",
    "category": 31,
    "budget_amount": 5000.29,
    "monthly_spend": -207.57
  }
},
{
  "model": "budgettracker.budgettracker",
  "pk": 69,
  "fields": {
    "user": 33,
    "date": "2020-05-01",
    "category": 43,
    "budget_amount": 8000.0,
    "monthly_spend": -404.0
  }
},
{
  "model": "budgettracker.budgettracker",
  "pk": 70,
  "fields": {
    "user": 33,
    "date": "2020-06-01",
    "category": 43,
    "budget_amount": 7596.0,
    "monthly_spend": 0.0
  }
},
{
  "model": "budgettracker.budgettracker",
  "pk": 75,
  "fields": {
    "user": 34,
    "date": "2020-05-01",
    "category": 51,
    "budget_amount": 500.0,
    "monthly_spend": 0.0
  }
},
{
  "model": "budgettracker.budgettracker",
  "pk": 77,
  "fields": {
    "user": 34,
    "date": "2020-06-01",
    "category": 51,
    "budget_amount": 350.0,
    "monthly_spend": 0.0
  }
},
{
  "model": "budgettracker.budgettracker",
  "pk": 94,
  "fields": {
    "user": 34,
    "date": "2020-05-01",
    "category": 77,
    "budget_amount": 8000.0,
    "monthly_spend": 0.0
  }
},
{
  "model": "budgettracker.budgettracker",
  "pk": 95,
  "fields": {
    "user": 34,
    "date": "2020-06-01",
    "category": 77,
    "budget_amount": 5000.0,
    "monthly_spend": 0.0
  }
},
{
  "model": "budgettracker.budgettracker",
  "pk": 96,
  "fields": {
    "user": 1,
    "date": "2020-05-01",
    "category": 7,
    "budget_amount": 100.0,
    "monthly_spend": 0.0
  }
},
{
  "model": "budgettracker.budgettracker",
  "pk": 97,
  "fields": {
    "user": 1,
    "date": "2020-05-01",
    "category": 12,
    "budget_amount": 100.0,
    "monthly_spend": 0.0
  }
},
{
  "model": "budgettracker.budgettracker",
  "pk": 98,
  "fields": {
    "user": 1,
    "date": "2020-05-01",
    "category": 8,
    "budget_amount": 250.0,
    "monthly_spend": 0.0
  }
},
{
  "model": "budgettracker.budgettracker",
  "pk": 112,
  "fields": {
    "user": 35,
    "date": "2020-05-01",
    "category": 80,
    "budget_amount": 1000.0,
    "monthly_spend": 0.0
  }
},
{
  "model": "budgettracker.budgettracker",
  "pk": 117,
  "fields": {
    "user": 36,
    "date": "2020-05-01",
    "category": 83,
    "budget_amount": 8473.98,
    "monthly_spend": 0.0
  }
},
{
  "model": "budgettracker.budgettracker",
  "pk": 119,
  "fields": {
    "user": 36,
    "date": "2020-05-01",
    "category": 85,
    "budget_amount": 4057.65,
    "monthly_spend": 0.0
  }
},
{
  "model": "budgettracker.budgettracker",
  "pk": 120,
  "fields": {
    "user": 36,
    "date": "2020-05-01",
    "category": 86,
    "budget_amount": 80.0,
    "monthly_spend": 0.0
  }
},
{
  "model": "budgettracker.budgettracker",
  "pk": 121,
  "fields": {
    "user": 36,
    "date": "2020-05-01",
    "category": 87,
    "budget_amount": 100.0,
    "monthly_spend": 0.0
  }
},
{
  "model": "budgettracker.budgettracker",
  "pk": 122,
  "fields": {
    "user": 36,
    "date": "2020-05-01",
    "category": 88,
    "budget_amount": 476.67,
    "monthly_spend": 0.0
  }
},
{
  "model": "budgettracker.budgettracker",
  "pk": 123,
  "fields": {
    "user": 36,
    "date": "2020-05-01",
    "category": 84,
    "budget_amount": 600.0,
    "monthly_spend": 0.0
  }
},
{
  "model": "budgettracker.budgettracker",
  "pk": 124,
  "fields": {
    "user": 36,
    "date": "2020-05-01",
    "category": 89,
    "budget_amount": 400.0,
    "monthly_spend": 0.0
  }
},
{
  "model": "budgettracker.budgettracker",
  "pk": 125,
  "fields": {
    "user": 36,
    "date": "2020-05-01",
    "category": 90,
    "budget_amount": 148.44,
    "monthly_spend": 0.0
  }
},
{
  "model": "budgettracker.budgettracker",
  "pk": 126,
  "fields": {
    "user": 36,
    "date": "2020-05-01",
    "category": 91,
    "budget_amount": 300.0,
    "monthly_spend": 0.0
  }
},
{
  "model": "budgettracker.budgettracker",
  "pk": 127,
  "fields": {
    "user": 36,
    "date": "2020-05-01",
    "category": 92,
    "budget_amount": 100.0,
    "monthly_spend": 0.0
  }
},
{
  "model": "budgettracker.budgettracker",
  "pk": 128,
  "fields": {
    "user": 36,
    "date": "2020-05-01",
    "category": 93,
    "budget_amount": 39.55,
    "monthly_spend": 0.0
  }
},
{
  "model": "budgettracker.budgettracker",
  "pk": 129,
  "fields": {
    "user": 36,
    "date": "2020-05-01",
    "category": 94,
    "budget_amount": 100.0,
    "monthly_spend": 0.0
  }
},
{
  "model": "budgettracker.budgettracker",
  "pk": 130,
  "fields": {
    "user": 36,
    "date": "2020-05-01",
    "category": 95,
    "budget_amount": 1000.0,
    "monthly_spend": 0.0
  }
},
{
  "model": "budgettracker.budgettracker",
  "pk": 131,
  "fields": {
    "user": 36,
    "date": "2020-05-01",
    "category": 96,
    "budget_amount": 104.5,
    "monthly_spend": 0.0
  }
},
{
  "model": "budgettracker.budgettracker",
  "pk": 132,
  "fields": {
    "user": 36,
    "date": "2020-05-01",
    "category": 97,
    "budget_amount": 400.0,
    "monthly_spend": 0.0
  }
},
{
  "model": "budgettracker.budgettracker",
  "pk": 133,
  "fields": {
    "user": 36,
    "date": "2020-05-01",
    "category": 98,
    "budget_amount": 400.0,
    "monthly_spend": 0.0
  }
},
{
  "model": "budgettracker.budgettracker",
  "pk": 134,
  "fields": {
    "user": 36,
    "date": "2020-05-01",
    "category": 99,
    "budget_amount": 300.0,
    "monthly_spend": 0.0
  }
},
{
  "model": "budgettracker.budgettracker",
  "pk": 135,
  "fields": {
    "user": 36,
    "date": "2020-05-01",
    "category": 100,
    "budget_amount": 125.0,
    "monthly_spend": 0.0
  }
},
{
  "model": "budgettracker.budgettracker",
  "pk": 136,
  "fields": {
    "user": 36,
    "date": "2020-05-01",
    "category": 101,
    "budget_amount": 45.14,
    "monthly_spend": 0.0
  }
},
{
  "model": "budgettracker.budgettracker",
  "pk": 137,
  "fields": {
    "user": 36,
    "date": "2020-05-01",
    "category": 102,
    "budget_amount": 275.0,
    "monthly_spend": 0.0
  }
},
{
  "model": "budgettracker.budgettracker",
  "pk": 138,
  "fields": {
    "user": 36,
    "date": "2020-05-01",
    "category": 103,
    "budget_amount": 125.0,
    "monthly_spend": 0.0
  }
},
{
  "model": "budgettracker.budgettracker",
  "pk": 139,
  "fields": {
    "user": 36,
    "date": "2020-05-01",
    "category": 104,
    "budget_amount": 112.0,
    "monthly_spend": 0.0
  }
},
{
  "model": "budgettracker.budgettracker",
  "pk": 140,
  "fields": {
    "user": 36,
    "date": "2020-05-01",
    "category": 105,
    "budget_amount": 100.0,
    "monthly_spend": 0.0
  }
},
{
  "model": "budgettracker.budgettracker",
  "pk": 141,
  "fields": {
    "user": 36,
    "date": "2020-05-01",
    "category": 106,
    "budget_amount": 5000.0,
    "monthly_spend": 0.0
  }
},
{
  "model": "budgettracker.budgettracker",
  "pk": 142,
  "fields": {
    "user": 36,
    "date": "2020-05-01",
    "category": 107,
    "budget_amount": 1000.0,
    "monthly_spend": 0.0
  }
},
{
  "model": "budgettracker.budgettracker",
  "pk": 143,
  "fields": {
    "user": 36,
    "date": "2020-05-01",
    "category": 108,
    "budget_amount": 3000.0,
    "monthly_spend": 0.0
  }
},
{
  "model": "categories.category",
  "pk": 1,
  "fields": {
    "user": 1,
    "master_category": "Everyday Expenses",
    "category": "Initial Balance",
    "carry_over": false
  }
},
{
  "model": "categories.category",
  "pk": 2,
  "fields": {
    "user": 1,
    "master_category": "Everyday Expenses",
    "category": "Gifts",
    "carry_over": false
  }
},
{
  "model": "categories.category",
  "pk": 3,
  "fields": {
    "user": 1,
    "master_category": "Everyday Expenses",
    "category": "Mortgage",
    "carry_over": false
  }
},
{
  "model": "categories.category",
  "pk": 4,
  "fields": {
    "user": 1,
    "master_category": "Everyday Expenses",
    "category": "Property Tax",
    "carry_over": false
  }
},
{
  "model": "categories.category",
  "pk": 5,
  "fields": {
    "user": 1,
    "master_category": "Everyday Expenses",
    "category": "Home Insurance",
    "carry_over": false
  }
},
{
  "model": "categories.category",
  "pk": 6,
  "fields": {
    "user": 1,
    "master_category": "Everyday Expenses",
    "category": "Car Insurance",
    "carry_over": false
  }
},
{
  "model": "categories.category",
  "pk": 7,
  "fields": {
    "user": 1,
    "master_category": "Everyday Expenses",
    "category": "Go Transit",
    "carry_over": false
  }
},
{
  "model": "categories.category",
  "pk": 8,
  "fields": {
    "user": 1,
    "master_category": "Everyday Expenses",
    "category": "Groceries",
    "carry_over": false
  }
},
{
  "model": "categories.category",
  "pk": 9,
  "fields": {
    "user": 1,
    "master_category": "Everyday Expenses",
    "category": "Restaurants",
    "carry_over": false
  }
},
{
  "model": "categories.category",
  "pk": 10,
  "fields": {
    "user": 1,
    "master_category": "Everyday Expenses",
    "category": "Phone",
    "carry_over": false
  }
},
{
  "model": "categories.category",
  "pk": 11,
  "fields": {
    "user": 1,
    "master_category": "Everyday Expenses",
    "category": "Household Goods",
    "carry_over": false
  }
},
{
  "model": "categories.category",
  "pk": 12,
  "fields": {
    "user": 1,
    "master_category": "Everyday Expenses",
    "category": "Clothes",
    "carry_over": false
  }
},
{
  "model": "categories.category",
  "pk": 13,
  "fields": {
    "user": 1,
    "master_category": "Everyday Expenses",
    "category": "Internet",
    "carry_over": false
  }
},
{
  "model": "categories.category",
  "pk": 14,
  "fields": {
    "user": 1,
    "master_category": "Everyday Expenses",
    "category": "Gifts",
    "carry_over": false
  }
},
{
  "model": "categories.category",
  "pk": 15,
  "fields": {
    "user": 1,
    "master_category": "Everyday Expenses",
    "category": "Retirement",
    "carry_over": false
  }
},
{
  "model": "categories.category",
  "pk": 16,
  "fields": {
    "user": 1,
    "master_category": "Everyday Expenses",
    "category": "Child Education",
    "carry_over": false
  }
},
{
  "model": "categories.category",
  "pk": 17,
  "fields": {
    "user": 1,
    "master_category": "Everyday Expenses",
    "category": "Vacation",
    "carry_over": false
  }
},
{
  "model": "categories.category",
  "pk": 18,
  "fields": {
    "user": 1,
    "master_category": "Everyday Expenses",
    "category": "Life Insurance",
    "carry_over": false
  }
},
{
  "model": "categories.category",
  "pk": 19,
  "fields": {
    "user": 1,
    "master_category": "Everyday Expenses",
    "category": "Electricity",
    "carry_over": false
  }
},
{
  "model": "categories.category",
  "pk": 20,
  "fields": {
    "user": 1,
    "master_category": "Everyday Expenses",
    "category": "Natural Gas",
    "carry_over": false
  }
},
{
  "model": "categories.category",
  "pk": 21,
  "fields": {
    "user": 1,
    "master_category": "Everyday Expenses",
    "category": "Real Estate Investing",
    "carry_over": false
  }
},
{
  "model": "categories.category",
  "pk": 22,
  "fields": {
    "user": 1,
    "master_category": "Everyday Expenses",
    "category": "Fuel",
    "carry_over": false
  }
},
{
  "model": "categories.category",
  "pk": 23,
  "fields": {
    "user": 1,
    "master_category": "Everyday Expenses",
    "category": "Entertainment - Youtube - Disney+ - PS4",
    "carry_over": false
  }
},
{
  "model": "categories.category",
  "pk": 24,
  "fields": {
    "user": 1,
    "master_category": "Everyday Expenses",
    "category": "Sheila Gym",
    "carry_over": false
  }
},
{
  "model": "categories.category",
  "pk": 25,
  "fields": {
    "user": 1,
    "master_category": "Everyday Expenses",
    "category": "Kids Activities",
    "carry_over": false
  }
},
{
  "model": "categories.category",
  "pk": 26,
  "fields": {
    "user": 1,
    "master_category": "Everyday Expenses",
    "category": "Car Maintenance",
    "carry_over": false
  }
},
{
  "model": "categories.category",
  "pk": 27,
  "fields": {
    "user": 1,
    "master_category": "Everyday Expenses",
    "category": "Home Maintenance",
    "carry_over": false
  }
},
{
  "model": "categories.category",
  "pk": 28,
  "fields": {
    "user": 1,
    "master_category": "Corporation Expense",
    "category": "Line of Credit - London Properties",
    "carry_over": false
  }
},
{
  "model": "categories.category",
  "pk": 29,
  "fields": {
    "user": 1,
    "master_category": "Everyday Expenses",
    "category": "Water Heater",
    "carry_over": false
  }
},
{
  "model": "categories.category",
  "pk": 30,
  "fields": {
    "user": 1,
    "master_category": "Everyday Expenses",
    "category": "Home Improvement",
    "carry_over": false
  }
},
{
  "model": "categories.category",
  "pk": 31,
  "fields": {
    "user": 1,
    "master_category": "Everyday Expenses",
    "category": "Savings",
    "carry_over": false
  }
},
{
  "model": "categories.category",
  "pk": 32,
  "fields": {
    "user": 1,
    "master_category": "Everyday Expenses",
    "category": "Income",
    "carry_over": false
  }
},
{
  "model": "categories.category",
  "pk": 41,
  "fields": {
    "user": 33,
    "master_category": "Initial Balance",
    "category": "Initial Balance",
    "carry_over": false
  }
},
{
  "model": "categories.category",
  "pk": 42,
  "fields": {
    "user": 33,
    "master_category": "Income",
    "category": "Income",
    "carry_over": false
  }
},
{
  "model": "categories.category",
  "pk": 43,
  "fields": {
    "user": 33,
    "master_category": "House",
    "category": "Mortgage",
    "carry_over": true
  }
},
{
  "model": "categories.category",
  "pk": 44,
  "fields": {
    "user": 34,
    "master_category": "Initial Balance",
    "category": "Initial Balance",
    "carry_over": false
  }
},
{
  "model": "categories.category",
  "pk": 45,
  "fields": {
    "user": 34,
    "master_category": "Income",
    "category": "Income",
    "carry_over": false
  }
},
{
  "model": "categories.category",
  "pk": 47,
  "fields": {
    "user": 34,
    "master_category": "House",
    "category": "Property Tax",
    "carry_over": false
  }
},
{
  "model": "categories.category",
  "pk": 48,
  "fields": {
    "user": 34,
    "master_category": "House",
    "category": "Home Insurance",
    "carry_over": false
  }
},
{
  "model": "categories.category",
  "pk": 49,
  "fields": {
    "user": 34,
    "master_category": "Everyday Expenses",
    "category": "Car Insurance",
    "carry_over": false
  }
},
{
  "model": "categories.category",
  "pk": 50,
  "fields": {
    "user": 34,
    "master_category": "Everyday Expenses",
    "category": "Go Transit",
    "carry_over": false
  }
},
{
  "model": "categories.category",
  "pk": 51,
  "fields": {
    "user": 34,
    "master_category": "Everyday Expenses",
    "category": "Groceries",
    "carry_over": false
  }
},
{
  "model": "categories.category",
  "pk": 52,
  "fields": {
    "user": 34,
    "master_category": "Everyday Expenses",
    "category": "Restaurants",
    "carry_over": false
  }
},
{
  "model": "categories.category",
  "pk": 53,
  "fields": {
    "user": 34,
    "master_category": "Everyday Expenses",
    "category": "Phone",
    "carry_over": false
  }
},
{
  "model": "categories.category",
  "pk": 54,
  "fields": {
    "user": 34,
    "master_category": "Everyday Expenses",
    "category": "Household Goods",
    "carry_over": false
  }
},
{
  "model": "categories.category",
  "pk": 55,
  "fields": {
    "user": 34,
    "master_category": "Everyday Expenses",
    "category": "Clothes",
    "carry_over": false
  }
},
{
  "model": "categories.category",
  "pk": 56,
  "fields": {
    "user": 34,
    "master_category": "Everyday Expenses",
    "category": "Internet",
    "carry_over": false
  }
},
{
  "model": "categories.category",
  "pk": 57,
  "fields": {
    "user": 34,
    "master_category": "Everyday Expenses",
    "category": "Gifts",
    "carry_over": false
  }
},
{
  "model": "categories.category",
  "pk": 58,
  "fields": {
    "user": 34,
    "master_category": "Retirement",
    "category": "Retirement",
    "carry_over": false
  }
},
{
  "model": "categories.category",
  "pk": 59,
  "fields": {
    "user": 34,
    "master_category": "Everyday Expenses",
    "category": "Child Education",
    "carry_over": false
  }
},
{
  "model": "categories.category",
  "pk": 60,
  "fields": {
    "user": 34,
    "master_category": "Everyday Expenses",
    "category": "Vacation",
    "carry_over": false
  }
},
{
  "model": "categories.category",
  "pk": 61,
  "fields": {
    "user": 34,
    "master_category": "Everyday Expenses",
    "category": "Life Insurance",
    "carry_over": false
  }
},
{
  "model": "categories.category",
  "pk": 62,
  "fields": {
    "user": 34,
    "master_category": "Everyday Expenses",
    "category": "Electricity",
    "carry_over": false
  }
},
{
  "model": "categories.category",
  "pk": 63,
  "fields": {
    "user": 34,
    "master_category": "Everyday Expenses",
    "category": "Natural Gas",
    "carry_over": false
  }
},
{
  "model": "categories.category",
  "pk": 64,
  "fields": {
    "user": 34,
    "master_category": "Everyday Expenses",
    "category": "Real Estate Investing",
    "carry_over": false
  }
},
{
  "model": "categories.category",
  "pk": 65,
  "fields": {
    "user": 34,
    "master_category": "Everyday Expenses",
    "category": "Fuel",
    "carry_over": false
  }
},
{
  "model": "categories.category",
  "pk": 66,
  "fields": {
    "user": 34,
    "master_category": "Everyday Expenses",
    "category": "Entertainment - Youtube - Disney+ - PS4",
    "carry_over": false
  }
},
{
  "model": "categories.category",
  "pk": 67,
  "fields": {
    "user": 34,
    "master_category": "Everyday Expenses",
    "category": "Sheila Gym",
    "carry_over": false
  }
},
{
  "model": "categories.category",
  "pk": 68,
  "fields": {
    "user": 34,
    "master_category": "Everyday Expenses",
    "category": "Kids Activities",
    "carry_over": false
  }
},
{
  "model": "categories.category",
  "pk": 69,
  "fields": {
    "user": 34,
    "master_category": "Everyday Expenses",
    "category": "Car Maintenance",
    "carry_over": false
  }
},
{
  "model": "categories.category",
  "pk": 70,
  "fields": {
    "user": 34,
    "master_category": "House",
    "category": "Home Maintenance",
    "carry_over": false
  }
},
{
  "model": "categories.category",
  "pk": 71,
  "fields": {
    "user": 34,
    "master_category": "Corporation Expense",
    "category": "London Line of Credit",
    "carry_over": false
  }
},
{
  "model": "categories.category",
  "pk": 77,
  "fields": {
    "user": 34,
    "master_category": "House",
    "category": "Mortgage",
    "carry_over": true
  }
},
{
  "model": "categories.category",
  "pk": 78,
  "fields": {
    "user": 35,
    "master_category": "Initial Balance",
    "category": "Initial Balance",
    "carry_over": false
  }
},
{
  "model": "categories.category",
  "pk": 79,
  "fields": {
    "user": 35,
    "master_category": "Income",
    "category": "Income",
    "carry_over": false
  }
},
{
  "model": "categories.category",
  "pk": 80,
  "fields": {
    "user": 35,
    "master_category": "house",
    "category": "Mortgage",
    "carry_over": false
  }
},
{
  "model": "categories.category",
  "pk": 81,
  "fields": {
    "user": 36,
    "master_category": "Initial Balance",
    "category": "Initial Balance",
    "carry_over": false
  }
},
{
  "model": "categories.category",
  "pk": 82,
  "fields": {
    "user": 36,
    "master_category": "Income",
    "category": "Income",
    "carry_over": false
  }
},
{
  "model": "categories.category",
  "pk": 83,
  "fields": {
    "user": 36,
    "master_category": "House",
    "category": "Mortgage",
    "carry_over": false
  }
},
{
  "model": "categories.category",
  "pk": 84,
  "fields": {
    "user": 36,
    "master_category": "Everyday Expenses",
    "category": "Groceries",
    "carry_over": false
  }
},
{
  "model": "categories.category",
  "pk": 85,
  "fields": {
    "user": 36,
    "master_category": "House",
    "category": "Property Tax",
    "carry_over": false
  }
},
{
  "model": "categories.category",
  "pk": 86,
  "fields": {
    "user": 36,
    "master_category": "House",
    "category": "Home Insurance",
    "carry_over": false
  }
},
{
  "model": "categories.category",
  "pk": 87,
  "fields": {
    "user": 36,
    "master_category": "Everyday Expenses",
    "category": "Car Insurance",
    "carry_over": false
  }
},
{
  "model": "categories.category",
  "pk": 88,
  "fields": {
    "user": 36,
    "master_category": "Everyday Expenses",
    "category": "Go Transit",
    "carry_over": false
  }
},
{
  "model": "categories.category",
  "pk": 89,
  "fields": {
    "user": 36,
    "master_category": "Everyday Expenses",
    "category": "Restaurants",
    "carry_over": false
  }
},
{
  "model": "categories.category",
  "pk": 90,
  "fields": {
    "user": 36,
    "master_category": "Everyday Expenses",
    "category": "Phone",
    "carry_over": false
  }
},
{
  "model": "categories.category",
  "pk": 91,
  "fields": {
    "user": 36,
    "master_category": "Everyday Spend",
    "category": "Household Goods",
    "carry_over": false
  }
},
{
  "model": "categories.category",
  "pk": 92,
  "fields": {
    "user": 36,
    "master_category": "Everyday Expenses",
    "category": "Clothes",
    "carry_over": false
  }
},
{
  "model": "categories.category",
  "pk": 93,
  "fields": {
    "user": 36,
    "master_category": "Everyday Expenses",
    "category": "Internet",
    "carry_over": false
  }
},
{
  "model": "categories.category",
  "pk": 94,
  "fields": {
    "user": 36,
    "master_category": "Everyday Expenses",
    "category": "Gifts",
    "carry_over": false
  }
},
{
  "model": "categories.category",
  "pk": 95,
  "fields": {
    "user": 36,
    "master_category": "Future",
    "category": "Retirement",
    "carry_over": false
  }
},
{
  "model": "categories.category",
  "pk": 96,
  "fields": {
    "user": 36,
    "master_category": "Future",
    "category": "Child Education",
    "carry_over": false
  }
},
{
  "model": "categories.category",
  "pk": 97,
  "fields": {
    "user": 36,
    "master_category": "Everyday Expenses",
    "category": "Vacation",
    "carry_over": false
  }
},
{
  "model": "categories.category",
  "pk": 98,
  "fields": {
    "user": 36,
    "master_category": "Future",
    "category": "Life Insurance",
    "carry_over": false
  }
},
{
  "model": "categories.category",
  "pk": 99,
  "fields": {
    "user": 36,
    "master_category": "Everyday Expenses",
    "category": "Electricity",
    "carry_over": false
  }
},
{
  "model": "categories.category",
  "pk": 100,
  "fields": {
    "user": 36,
    "master_category": "Everyday Expenses",
    "category": "Natural Gas",
    "carry_over": false
  }
},
{
  "model": "categories.category",
  "pk": 101,
  "fields": {
    "user": 36,
    "master_category": "Future",
    "category": "Real Estate Investing",
    "carry_over": false
  }
},
{
  "model": "categories.category",
  "pk": 102,
  "fields": {
    "user": 36,
    "master_category": "Everyday Expenses",
    "category": "Fuel",
    "carry_over": false
  }
},
{
  "model": "categories.category",
  "pk": 103,
  "fields": {
    "user": 36,
    "master_category": "Everyday Expenses",
    "category": "Entertainment - Youtube - Disney+ - PS4",
    "carry_over": false
  }
},
{
  "model": "categories.category",
  "pk": 104,
  "fields": {
    "user": 36,
    "master_category": "Everyday Expenses",
    "category": "Sheila Gym",
    "carry_over": false
  }
},
{
  "model": "categories.category",
  "pk": 105,
  "fields": {
    "user": 36,
    "master_category": "Everyday Expenses",
    "category": "Kids Activities",
    "carry_over": false
  }
},
{
  "model": "categories.category",
  "pk": 106,
  "fields": {
    "user": 36,
    "master_category": "House",
    "category": "Home Maintenance",
    "carry_over": false
  }
},
{
  "model": "categories.category",
  "pk": 107,
  "fields": {
    "user": 36,
    "master_category": "Everyday Expenses",
    "category": "Car Maintenance",
    "carry_over": false
  }
},
{
  "model": "categories.category",
  "pk": 108,
  "fields": {
    "user": 36,
    "master_category": "Corporation Expense",
    "category": "London Line of Credit",
    "carry_over": false
  }
},
{
  "model": "accounts.account",
  "pk": 9,
  "fields": {
    "user": 1,
    "account_name": "Westjet",
    "account_type": "credit card",
    "initial_balance": -2942.85,
    "date": "2020-05-13T04:00:00Z"
  }
},
{
  "model": "accounts.account",
  "pk": 10,
  "fields": {
    "user": 1,
    "account_name": "RBC Chequing",
    "account_type": "chequing",
    "initial_balance": 8290.44,
    "date": "2020-05-13T04:00:00Z"
  }
},
{
  "model": "accounts.account",
  "pk": 11,
  "fields": {
    "user": 1,
    "account_name": "RBC Find and Save",
    "account_type": "savings",
    "initial_balance": 422.4,
    "date": "2020-05-13T04:00:00Z"
  }
},
{
  "model": "accounts.account",
  "pk": 12,
  "fields": {
    "user": 1,
    "account_name": "Simplii Financial",
    "account_type": "chequing",
    "initial_balance": 3417.87,
    "date": "2020-05-13T04:00:00Z"
  }
},
{
  "model": "accounts.account",
  "pk": 13,
  "fields": {
    "user": 1,
    "account_name": "Scotiabank Ultimate Package",
    "account_type": "chequing",
    "initial_balance": 11381.99,
    "date": "2020-05-13T04:00:00Z"
  }
},
{
  "model": "accounts.account",
  "pk": 14,
  "fields": {
    "user": 1,
    "account_name": "TD Account",
    "account_type": "chequing",
    "initial_balance": 3494.95,
    "date": "2020-05-13T04:00:00Z"
  }
},
{
  "model": "accounts.account",
  "pk": 35,
  "fields": {
    "user": 33,
    "account_name": "Scotiabank Ultimate Package",
    "account_type": "chequing",
    "initial_balance": 9970.0,
    "date": "2020-05-21T04:00:00Z"
  }
},
{
  "model": "accounts.account",
  "pk": 36,
  "fields": {
    "user": 34,
    "account_name": "RBC Chequing",
    "account_type": "chequing",
    "initial_balance": 7985.94,
    "date": "2020-05-21T04:00:00Z"
  }
},
{
  "model": "accounts.account",
  "pk": 37,
  "fields": {
    "user": 34,
    "account_name": "RBC Find and Save",
    "account_type": "savings",
    "initial_balance": 422.4,
    "date": "2020-05-21T04:00:00Z"
  }
},
{
  "model": "accounts.account",
  "pk": 38,
  "fields": {
    "user": 34,
    "account_name": "Westjet",
    "account_type": "credit card",
    "initial_balance": -388.11,
    "date": "2020-05-21T04:00:00Z"
  }
},
{
  "model": "accounts.account",
  "pk": 39,
  "fields": {
    "user": 34,
    "account_name": "TD Account",
    "account_type": "chequing",
    "initial_balance": 4139.12,
    "date": "2020-05-21T04:00:00Z"
  }
},
{
  "model": "accounts.account",
  "pk": 40,
  "fields": {
    "user": 34,
    "account_name": "Scotiabank Ultimate Package",
    "account_type": "chequing",
    "initial_balance": 9969.66,
    "date": "2020-05-21T04:00:00Z"
  }
},
{
  "model": "accounts.account",
  "pk": 41,
  "fields": {
    "user": 34,
    "account_name": "Simplii Financial",
    "account_type": "chequing",
    "initial_balance": 3357.87,
    "date": "2020-05-21T04:00:00Z"
  }
},
{
  "model": "accounts.account",
  "pk": 47,
  "fields": {
    "user": 1,
    "account_name": "Something",
    "account_type": "test",
    "initial_balance": 500.0,
    "date": "2020-05-23T04:00:00Z"
  }
},
{
  "model": "accounts.account",
  "pk": 65,
  "fields": {
    "user": 35,
    "account_name": "Neel",
    "account_type": "chequing",
    "initial_balance": 5000.0,
    "date": "2020-05-23T04:00:00Z"
  }
},
{
  "model": "accounts.account",
  "pk": 66,
  "fields": {
    "user": 36,
    "account_name": "RBC Chequing",
    "account_type": "chequing",
    "initial_balance": 5261.16,
    "date": "2020-05-20T04:00:00Z"
  }
},
{
  "model": "accounts.account",
  "pk": 67,
  "fields": {
    "user": 36,
    "account_name": "RBC Find and Save",
    "account_type": "savings",
    "initial_balance": 422.4,
    "date": "2020-05-20T04:00:00Z"
  }
},
{
  "model": "accounts.account",
  "pk": 68,
  "fields": {
    "user": 36,
    "account_name": "Westjet",
    "account_type": "credit card",
    "initial_balance": -484.53,
    "date": "2020-05-23T04:00:00Z"
  }
},
{
  "model": "accounts.account",
  "pk": 69,
  "fields": {
    "user": 36,
    "account_name": "Scotiabank Ultimate Package",
    "account_type": "chequing",
    "initial_balance": 9969.66,
    "date": "2020-05-21T04:00:00Z"
  }
},
{
  "model": "accounts.account",
  "pk": 70,
  "fields": {
    "user": 36,
    "account_name": "TD Account",
    "account_type": "chequing",
    "initial_balance": 4139.12,
    "date": "2020-05-23T04:00:00Z"
  }
},
{
  "model": "accounts.account",
  "pk": 71,
  "fields": {
    "user": 36,
    "account_name": "Simplii Financial",
    "account_type": "savings",
    "initial_balance": 3357.87,
    "date": "2020-05-23T04:00:00Z"
  }
},
{
  "model": "transactions.transaction",
  "pk": 33,
  "fields": {
    "user": 1,
    "store": "Westjet",
    "description": "initial",
    "amount": -2942.85,
    "trans_date": "2020-05-13",
    "category": 1,
    "account_name": 9
  }
},
{
  "model": "transactions.transaction",
  "pk": 34,
  "fields": {
    "user": 1,
    "store": "RBC Chequing",
    "description": "initial",
    "amount": 8290.44,
    "trans_date": "2020-05-13",
    "category": 1,
    "account_name": 10
  }
},
{
  "model": "transactions.transaction",
  "pk": 35,
  "fields": {
    "user": 1,
    "store": "RBC Find and Save",
    "description": "initial",
    "amount": 422.4,
    "trans_date": "2020-05-13",
    "category": 1,
    "account_name": 11
  }
},
{
  "model": "transactions.transaction",
  "pk": 36,
  "fields": {
    "user": 1,
    "store": "Simplii Financial",
    "description": "initial",
    "amount": 3417.87,
    "trans_date": "2020-05-13",
    "category": 1,
    "account_name": 12
  }
},
{
  "model": "transactions.transaction",
  "pk": 37,
  "fields": {
    "user": 1,
    "store": "Scotiabank Ultimate Package",
    "description": "initial",
    "amount": 11381.99,
    "trans_date": "2020-05-13",
    "category": 1,
    "account_name": 13
  }
},
{
  "model": "transactions.transaction",
  "pk": 38,
  "fields": {
    "user": 1,
    "store": "TD Account",
    "description": "initial",
    "amount": 3494.95,
    "trans_date": "2020-05-13",
    "category": 1,
    "account_name": 14
  }
},
{
  "model": "transactions.transaction",
  "pk": 39,
  "fields": {
    "user": 1,
    "store": "Scotiabank",
    "description": "Mortgage payment",
    "amount": -1412.33,
    "trans_date": "2020-05-14",
    "category": 3,
    "account_name": 13
  }
},
{
  "model": "transactions.transaction",
  "pk": 41,
  "fields": {
    "user": 1,
    "store": "Teksavvy",
    "description": "home phone",
    "amount": -11.24,
    "trans_date": "2020-05-13",
    "category": 10,
    "account_name": 9
  }
},
{
  "model": "transactions.transaction",
  "pk": 42,
  "fields": {
    "user": 1,
    "store": "Canadian Parents for Ottawa",
    "description": "Kids French",
    "amount": -35.0,
    "trans_date": "2020-05-13",
    "category": 25,
    "account_name": 9
  }
},
{
  "model": "transactions.transaction",
  "pk": 47,
  "fields": {
    "user": 1,
    "store": "Steam",
    "description": "You Don't Know Jack 2",
    "amount": -13.99,
    "trans_date": "2020-05-15",
    "category": 23,
    "account_name": 9
  }
},
{
  "model": "transactions.transaction",
  "pk": 48,
  "fields": {
    "user": 1,
    "store": "Epicure Solutions",
    "description": "household goods",
    "amount": -56.05,
    "trans_date": "2020-05-15",
    "category": 11,
    "account_name": 9
  }
},
{
  "model": "transactions.transaction",
  "pk": 49,
  "fields": {
    "user": 1,
    "store": "Rogers",
    "description": "Cell Phone Neel",
    "amount": -63.28,
    "trans_date": "2020-05-15",
    "category": 10,
    "account_name": 9
  }
},
{
  "model": "transactions.transaction",
  "pk": 50,
  "fields": {
    "user": 1,
    "store": "Longos",
    "description": "groceries",
    "amount": -193.57,
    "trans_date": "2020-05-15",
    "category": 2,
    "account_name": 9
  }
},
{
  "model": "transactions.transaction",
  "pk": 52,
  "fields": {
    "user": 1,
    "store": "Steam",
    "description": "steam game tabletop simulator",
    "amount": -21.99,
    "trans_date": "2020-05-16",
    "category": 23,
    "account_name": 9
  }
},
{
  "model": "transactions.transaction",
  "pk": 53,
  "fields": {
    "user": 1,
    "store": "RBC",
    "description": "Deposit Ontario Child Benefit",
    "amount": 200.0,
    "trans_date": "2020-05-18",
    "category": 28,
    "account_name": 10
  }
},
{
  "model": "transactions.transaction",
  "pk": 54,
  "fields": {
    "user": 1,
    "store": "Scotiabank",
    "description": "Pay down LOC",
    "amount": -200.0,
    "trans_date": "2020-05-18",
    "category": 3,
    "account_name": 13
  }
},
{
  "model": "transactions.transaction",
  "pk": 69,
  "fields": {
    "user": 1,
    "store": "Costco",
    "description": "food",
    "amount": -75.19,
    "trans_date": "2020-05-20",
    "category": 8,
    "account_name": 10
  }
},
{
  "model": "transactions.transaction",
  "pk": 77,
  "fields": {
    "user": 1,
    "store": "Longos",
    "description": "test",
    "amount": -1.0,
    "trans_date": "2020-05-20",
    "category": 2,
    "account_name": 9
  }
},
{
  "model": "transactions.transaction",
  "pk": 78,
  "fields": {
    "user": 1,
    "store": "Longos",
    "description": "1",
    "amount": -1.0,
    "trans_date": "2020-05-20",
    "category": 2,
    "account_name": 9
  }
},
{
  "model": "transactions.transaction",
  "pk": 79,
  "fields": {
    "user": 1,
    "store": "Longos",
    "description": "1",
    "amount": -1.0,
    "trans_date": "2020-05-20",
    "category": 2,
    "account_name": 9
  }
},
{
  "model": "transactions.transaction",
  "pk": 80,
  "fields": {
    "user": 1,
    "store": "Longos",
    "description": "test",
    "amount": -1.0,
    "trans_date": "2020-05-20",
    "category": 2,
    "account_name": 9
  }
},
{
  "model": "transactions.transaction",
  "pk": 81,
  "fields": {
    "user": 1,
    "store": "Longos",
    "description": "test",
    "amount": -1.0,
    "trans_date": "2020-05-20",
    "category": 2,
    "account_name": 9
  }
},
{
  "model": "transactions.transaction",
  "pk": 82,
  "fields": {
    "user": 1,
    "store": "Longos",
    "description": "1",
    "amount": -1.0,
    "trans_date": "2020-05-20",
    "category": 1,
    "account_name": 9
  }
},
{
  "model": "transactions.transaction",
  "pk": 83,
  "fields": {
    "user": 1,
    "store": "Longos",
    "description": "test",
    "amount": -1.0,
    "trans_date": "2020-05-20",
    "category": 2,
    "account_name": 9
  }
},
{
  "model": "transactions.transaction",
  "pk": 84,
  "fields": {
    "user": 1,
    "store": "Longos",
    "description": "test",
    "amount": -1.0,
    "trans_date": "2020-05-20",
    "category": 2,
    "account_name": 9
  }
},
{
  "model": "transactions.transaction",
  "pk": 85,
  "fields": {
    "user": 1,
    "store": "Longos",
    "description": "1",
    "amount": -1.0,
    "trans_date": "2020-05-20",
    "category": 2,
    "account_name": 9
  }
},
{
  "model": "transactions.transaction",
  "pk": 86,
  "fields": {
    "user": 1,
    "store": "Longos",
    "description": "1",
    "amount": -1.0,
    "trans_date": "2020-05-20",
    "category": 2,
    "account_name": 9
  }
},
{
  "model": "transactions.transaction",
  "pk": 87,
  "fields": {
    "user": 1,
    "store": "Longos",
    "description": "1",
    "amount": -1.0,
    "trans_date": "2020-05-20",
    "category": 2,
    "account_name": 9
  }
},
{
  "model": "transactions.transaction",
  "pk": 88,
  "fields": {
    "user": 1,
    "store": "Longos",
    "description": "test",
    "amount": -1.0,
    "trans_date": "2020-05-20",
    "category": 2,
    "account_name": 9
  }
},
{
  "model": "transactions.transaction",
  "pk": 89,
  "fields": {
    "user": 1,
    "store": "Longos",
    "description": "1",
    "amount": -1.0,
    "trans_date": "2020-05-20",
    "category": 2,
    "account_name": 9
  }
},
{
  "model": "transactions.transaction",
  "pk": 91,
  "fields": {
    "user": 1,
    "store": "Longos",
    "description": "1",
    "amount": -2.0,
    "trans_date": "2020-05-20",
    "category": 2,
    "account_name": 9
  }
},
{
  "model": "transactions.transaction",
  "pk": 93,
  "fields": {
    "user": 1,
    "store": "Longos",
    "description": "1",
    "amount": -1.0,
    "trans_date": "2020-05-20",
    "category": 2,
    "account_name": 9
  }
},
{
  "model": "transactions.transaction",
  "pk": 98,
  "fields": {
    "user": 1,
    "store": "Longos",
    "description": "1",
    "amount": -1.0,
    "trans_date": "2020-05-21",
    "category": 2,
    "account_name": 9
  }
},
{
  "model": "transactions.transaction",
  "pk": 109,
  "fields": {
    "user": 33,
    "store": "Scotiabank Ultimate Package",
    "description": "initial",
    "amount": 9970.0,
    "trans_date": "2020-05-21",
    "category": 41,
    "account_name": 35
  }
},
{
  "model": "transactions.transaction",
  "pk": 110,
  "fields": {
    "user": 33,
    "store": "Scotiabank",
    "description": "mortgage payment",
    "amount": -400.0,
    "trans_date": "2020-05-21",
    "category": 43,
    "account_name": 35
  }
},
{
  "model": "transactions.transaction",
  "pk": 111,
  "fields": {
    "user": 33,
    "store": "RBC",
    "description": "1",
    "amount": -1.0,
    "trans_date": "2020-05-21",
    "category": 43,
    "account_name": 35
  }
},
{
  "model": "transactions.transaction",
  "pk": 112,
  "fields": {
    "user": 33,
    "store": "1",
    "description": "1",
    "amount": -1.0,
    "trans_date": "2020-05-21",
    "category": 43,
    "account_name": 35
  }
},
{
  "model": "transactions.transaction",
  "pk": 113,
  "fields": {
    "user": 33,
    "store": "Longos",
    "description": "1",
    "amount": -1.0,
    "trans_date": "2020-05-21",
    "category": 43,
    "account_name": 35
  }
},
{
  "model": "transactions.transaction",
  "pk": 114,
  "fields": {
    "user": 33,
    "store": "1",
    "description": "1",
    "amount": -1.0,
    "trans_date": "2020-05-21",
    "category": 43,
    "account_name": 35
  }
},
{
  "model": "transactions.transaction",
  "pk": 115,
  "fields": {
    "user": 34,
    "store": "RBC Chequing",
    "description": "initial",
    "amount": 7985.94,
    "trans_date": "2020-05-21",
    "category": 44,
    "account_name": 36
  }
},
{
  "model": "transactions.transaction",
  "pk": 116,
  "fields": {
    "user": 34,
    "store": "RBC Find and Save",
    "description": "initial",
    "amount": 422.4,
    "trans_date": "2020-05-21",
    "category": 44,
    "account_name": 37
  }
},
{
  "model": "transactions.transaction",
  "pk": 117,
  "fields": {
    "user": 34,
    "store": "Westjet",
    "description": "initial",
    "amount": -388.11,
    "trans_date": "2020-05-21",
    "category": 44,
    "account_name": 38
  }
},
{
  "model": "transactions.transaction",
  "pk": 118,
  "fields": {
    "user": 34,
    "store": "TD Account",
    "description": "initial",
    "amount": 4139.12,
    "trans_date": "2020-05-21",
    "category": 44,
    "account_name": 39
  }
},
{
  "model": "transactions.transaction",
  "pk": 119,
  "fields": {
    "user": 34,
    "store": "Scotiabank Ultimate Package",
    "description": "initial",
    "amount": 9969.66,
    "trans_date": "2020-05-21",
    "category": 44,
    "account_name": 40
  }
},
{
  "model": "transactions.transaction",
  "pk": 120,
  "fields": {
    "user": 34,
    "store": "Simplii Financial",
    "description": "initial",
    "amount": 3357.87,
    "trans_date": "2020-05-21",
    "category": 44,
    "account_name": 41
  }
},
{
  "model": "transactions.transaction",
  "pk": 127,
  "fields": {
    "user": 1,
    "store": "Something",
    "description": "initial",
    "amount": 500.0,
    "trans_date": "2020-05-23",
    "category": 1,
    "account_name": 47
  }
},
{
  "model": "transactions.transaction",
  "pk": 161,
  "fields": {
    "user": 35,
    "store": "Neel",
    "description": "initial",
    "amount": 5000.0,
    "trans_date": "2020-05-23",
    "category": 78,
    "account_name": 65
  }
},
{
  "model": "transactions.transaction",
  "pk": 163,
  "fields": {
    "user": 36,
    "store": "RBC Chequing",
    "description": "initial",
    "amount": 5261.16,
    "trans_date": "2020-05-20",
    "category": 81,
    "account_name": 66
  }
},
{
  "model": "transactions.transaction",
  "pk": 164,
  "fields": {
    "user": 36,
    "store": "RBC Find and Save",
    "description": "initial",
    "amount": 422.4,
    "trans_date": "2020-05-20",
    "category": 81,
    "account_name": 67
  }
},
{
  "model": "transactions.transaction",
  "pk": 165,
  "fields": {
    "user": 36,
    "store": "Westjet",
    "description": "initial",
    "amount": -484.53,
    "trans_date": "2020-05-23",
    "category": 81,
    "account_name": 68
  }
},
{
  "model": "transactions.transaction",
  "pk": 166,
  "fields": {
    "user": 36,
    "store": "Scotiabank Ultimate Package",
    "description": "initial",
    "amount": 9969.66,
    "trans_date": "2020-05-21",
    "category": 81,
    "account_name": 69
  }
},
{
  "model": "transactions.transaction",
  "pk": 167,
  "fields": {
    "user": 36,
    "store": "TD Account",
    "description": "initial",
    "amount": 4139.12,
    "trans_date": "2020-05-23",
    "category": 81,
    "account_name": 70
  }
},
{
  "model": "transactions.transaction",
  "pk": 168,
  "fields": {
    "user": 36,
    "store": "Simplii Financial",
    "description": "initial",
    "amount": 3357.87,
    "trans_date": "2020-05-23",
    "category": 81,
    "account_name": 71
  }
},
{
  "model": "transactions.transaction",
  "pk": 169,
  "fields": {
    "user": 36,
    "store": "RBC",
    "description": "salary",
    "amount": 2624.78,
    "trans_date": "2020-05-21",
    "category": 82,
    "account_name": 66
  }
},
{
  "model": "transactions.transaction",
  "pk": 170,
  "fields": {
    "user": 36,
    "store": "HDSB",
    "description": "salary",
    "amount": 1572.47,
    "trans_date": "2020-05-22",
    "category": 82,
    "account_name": 69
  }
},
{
  "model": "transactions.transaction",
  "pk": 171,
  "fields": {
    "user": 36,
    "store": "Freshco",
    "description": "flours",
    "amount": -145.0,
    "trans_date": "2020-05-23",
    "category": 84,
    "account_name": 68
  }
},
{
  "model": "transfers.transfer",
  "pk": 3,
  "fields": {
    "user": 1,
    "transfer_amount": 2954.09,
    "transfer_date": "2020-05-14",
    "incoming_account": 9,
    "outgoing_account": 10
  }
},
{
  "model": "transfers.transfer",
  "pk": 4,
  "fields": {
    "user": 1,
    "transfer_amount": 200.0,
    "transfer_date": "2020-05-18",
    "incoming_account": 13,
    "outgoing_account": 10
  }
},
{
  "model": "transfers.transfer",
  "pk": 5,
  "fields": {
    "user": 1,
    "transfer_amount": 1.0,
    "transfer_date": "2020-05-20",
    "incoming_account": 9,
    "outgoing_account": 10
  }
},
{
  "model": "transfers.transfer",
  "pk": 6,
  "fields": {
    "user": 1,
    "transfer_amount": 1.0,
    "transfer_date": "2020-05-20",
    "incoming_account": 9,
    "outgoing_account": 10
  }
}
]
